Identifier 1,cal d13C,cal %C,cal d15N,cal %N,C:N,File
CH-21-177,-21.83,63.57,15,6.78,9.38,Albion 2021 Tray 1 - April 2023
CH-21-106,-22.41,60.35,14.55,8.23,7.33,Albion 2021 Tray 1 - April 2023
CH-21-016,-23.18,59.61,15.25,6.58,9.06,Albion 2021 Tray 1 - April 2023
CH-21-168,-21.97,58.67,14.43,8.11,7.23,Albion 2021 Tray 1 - April 2023
CH-21-061,-23.57,61.35,15.05,6.9,8.89,Albion 2021 Tray 1 - April 2023
CH-21-233,-22.35,58.36,15.12,6.84,8.53,Albion 2021 Tray 1 - April 2023
CH-21-260,-20.14,56.4,15.52,9.73,5.8,Albion 2021 Tray 1 - April 2023
CH-21-034,-21.71,58.11,15.34,8.93,6.51,Albion 2021 Tray 1 - April 2023
CH-21-002,-22.57,59.56,13.91,9,6.62,Albion 2021 Tray 1 - April 2023
CH-21-026,-21.57,56.6,14.33,9.69,5.84,Albion 2021 Tray 1 - April 2023
CH-21-074,-20.83,56.09,14.41,10.98,5.11,Albion 2021 Tray 1 - April 2023
CH-21-050,-21.03,53.2,14.96,11.35,4.69,Albion 2021 Tray 1 - April 2023
CH-21-089,-18.42,49.39,14.29,12.81,3.86,Albion 2021 Tray 1 - April 2023
CH-21-028,-23.82,63.19,15.14,6.87,9.2,Albion 2021 Tray 1 - April 2023
CH-21-018,-21.85,60.87,15.14,8.43,7.22,Albion 2021 Tray 1 - April 2023
CH-21-199,-21.98,55.92,14.63,9.7,5.77,Albion 2021 Tray 1 - April 2023
CH-21-083,-20.53,55.46,14.68,11.02,5.03,Albion 2021 Tray 1 - April 2023
CH-21-231,-22.19,60.71,14.9,7.69,7.89,Albion 2021 Tray 1 - April 2023
CH-21-146,-23.85,59.53,14.68,7.35,8.1,Albion 2021 Tray 1 - April 2023
CH-21-160,-24.21,66.03,14.77,5.8,11.38,Albion 2021 Tray 1 - April 2023
CH-21-062,-22.19,65.75,14.83,9.6,6.85,Albion 2021 Tray 1 - April 2023
CH-21-043,-22.66,60.94,14.38,9.87,6.18,Albion 2021 Tray 1 - April 2023
CH-21-241,-19.54,56.44,15.62,10.59,5.33,Albion 2021 Tray 1 - April 2023
CH-21-242,-20.19,56.62,15.34,9.05,6.25,Albion 2021 Tray 1 - April 2023
CH-21-167,-22.91,57.37,14.81,7.02,8.17,Albion 2021 Tray 1 - April 2023
CH-21-032,-22.47,61.39,14.85,8.8,6.97,Albion 2021 Tray 1 - April 2023
CH-21-139,-22.7,62.3,14.78,6.46,9.64,Albion 2021 Tray 1 - April 2023
CH-21-269,-20.45,57.47,15.74,9.71,5.92,Albion 2021 Tray 1 - April 2023
CH-21-039,-19.54,54.04,14.95,11.77,4.59,Albion 2021 Tray 1 - April 2023
CH-21-118,-23.75,62.66,14.27,7.06,8.88,Albion 2021 Tray 1 - April 2023
CH-21-017,-22.5,58.98,14.68,7.95,7.42,Albion 2021 Tray 1 - April 2023
CH-21-013,-24.73,63.88,14.36,6.31,10.12,Albion 2021 Tray 1 - April 2023
CH-21-072,-21.4,51.48,13.13,12.8,4.02,Albion 2021 Tray 1 - April 2023
CH-21-035,-22.78,59.47,15.08,9.33,6.37,Albion 2021 Tray 1 - April 2023
CH-21-159,-22.6,54.47,14.56,8.5,6.4,Albion 2021 Tray 1 - April 2023
CH-21-011,-21.19,55.42,14.93,11.41,4.86,Albion 2021 Tray 1 - April 2023
CH-21-255,-18.01,52.68,15.76,13.43,3.92,Albion 2021 Tray 1 - April 2023
CH-21-027,-23.29,57.11,15.19,6.73,8.48,Albion 2021 Tray 1 - April 2023
CH-21-105,-22.02,57.53,14.7,8.37,6.87,Albion 2021 Tray 1 - April 2023
CH-21-078,-20.68,52.78,14.9,10.53,5.01,Albion 2021 Tray 1 - April 2023
CH-21-247,-20.52,59.82,15.72,8.48,7.05,Albion 2021 Tray 1 - April 2023
CH-21-033,-21.26,56.06,15.25,10.45,5.36,Albion 2021 Tray 1 - April 2023
CH-21-263,-19.97,60.46,15.93,9.69,6.24,Albion 2021 Tray 1 - April 2023
CH-21-147,-22.02,66.3,14.71,8.81,7.52,Albion 2021 Tray 1 - April 2023
CH-21-110,-23.14,61.42,14.36,7.84,7.84,Albion 2021 Tray 1 - April 2023
CH-21-143,-22.36,63.21,14.61,6.54,9.67,Albion 2021 Tray 1 - April 2023
CH-21-239,-19.88,60.92,15.87,9.1,6.7,Albion 2021 Tray 1 - April 2023
CH-21-015,-20.54,54.01,15.42,11.24,4.8,Albion 2021 Tray 1 - April 2023
CH-21-113,-22.8,56.36,15.07,6.93,8.14,Albion 2021 Tray 1 - April 2023
CH-21-131,-23.7,63.81,13.99,6.72,9.5,Albion 2021 Tray 1 - April 2023
CH-21-095,-21.51,59.47,15.11,10.02,5.94,Albion 2021 Tray 1 - April 2023
CH-21-257,-20.55,58.28,15.93,9.07,6.43,Albion 2021 Tray 1 - April 2023
CH-21-100,-22.85,63.51,14.2,6.59,9.64,Albion 2021 Tray 1 - April 2023
CH-21-264,-21.36,58.14,16,7.98,7.28,Albion 2021 Tray 1 - April 2023
CH-21-268,-20.64,56.47,15.18,10.43,5.42,Albion 2021 Tray 1 - April 2023
CH-21-102,-23.98,52.66,14.06,5.2,10.12,Albion 2021 Tray 1 - April 2023
CH-21-140,-23.69,60.85,14.7,7.83,7.77,Albion 2021 Tray 1 - April 2023
CH-21-150,-21.41,57.67,14.48,8.13,7.1,Albion 2021 Tray 1 - April 2023
CH-21-133,-21.73,61.35,14.31,7.95,7.71,Albion 2021 Tray 1 - April 2023
CH-21-138,-23.57,60.09,14.38,7.53,7.98,Albion 2021 Tray 1 - April 2023
CH-21-224,-21.51,57,14.38,8.23,6.93,Albion 2021 Tray 1 - April 2023
CH-21-200,-22.48,56.63,14.89,7.31,7.75,Albion 2021 Tray 1 - April 2023
CH-21-042,-21.32,52.79,13.99,11.94,4.42,Albion 2021 Tray 1 - April 2023
CH-21-155,-22.02,63.72,14.96,8.12,7.85,Albion 2021 Tray 1 - April 2023
CH-21-244,-18.69,53.95,15.78,11.77,4.58,Albion 2021 Tray 1 - April 2023
CH-21-207,-20.81,53.73,14.55,9.67,5.56,Albion 2021 Tray 1 - April 2023
CH-21-054,-20.46,57.51,14.44,10.15,5.67,2021 Albion Tray 2 - April 2023
CH-21-250,-20.43,60.82,15.67,8.65,7.03,2021 Albion Tray 2 - April 2023
CH-21-152,-21.17,62.41,15.4,7.49,8.33,2021 Albion Tray 2 - April 2023
CH-21-128,-22.43,59.28,15.18,8.06,7.36,2021 Albion Tray 2 - April 2023
CH-21-069,-22.43,61.28,15.17,7.3,8.39,2021 Albion Tray 2 - April 2023
CH-21-091,-20.47,60.08,14.36,9.73,6.17,2021 Albion Tray 2 - April 2023
CH-21-068,-22.03,58.11,14.21,8.05,7.22,2021 Albion Tray 2 - April 2023
CH-21-116,-22.15,62.19,14.62,6.82,9.12,2021 Albion Tray 2 - April 2023
CH-21-060,-22.93,60.64,15.17,6.47,9.37,2021 Albion Tray 2 - April 2023
CH-21-156,-21.57,63,14.76,8.13,7.75,2021 Albion Tray 2 - April 2023
CH-21-064,-22.16,52.89,15.35,8.91,5.94,2021 Albion Tray 2 - April 2023
CH-21-107,-22.12,60.92,14.48,11.02,5.53,2021 Albion Tray 2 - April 2023
CH-21-248,-20.14,56.54,15.06,8.98,6.29,2021 Albion Tray 2 - April 2023
CH-21-023,-23.09,63.6,15.42,7.68,8.28,2021 Albion Tray 2 - April 2023
CH-21-227,-22.66,62.6,15.01,8.15,7.68,2021 Albion Tray 2 - April 2023
CH-21-007,-22.55,63.74,15.27,10,6.37,2021 Albion Tray 2 - April 2023
CH-21-191,-19.48,57.51,14.7,12.42,4.63,2021 Albion Tray 2 - April 2023
CH-21-246,-19.15,57.11,15.46,11.11,5.14,2021 Albion Tray 2 - April 2023
CH-21-047,-22.72,58.63,14.73,8.03,7.3,2021 Albion Tray 2 - April 2023
CH-21-229,-21.4,66.02,14.71,7.87,8.39,2021 Albion Tray 2 - April 2023
CH-21-148,-24.03,64.76,14.42,7.66,8.45,2021 Albion Tray 2 - April 2023
CH-21-122,-22.97,53.95,13.63,3.48,15.49,2021 Albion Tray 2 - April 2023
CH-21-051,-23.76,59.73,14.44,8.98,6.65,2021 Albion Tray 2 - April 2023
CH-21-187,-22.85,61.87,14.78,5.98,10.35,2021 Albion Tray 2 - April 2023
CH-21-008,-22.48,57.34,14.44,6.62,8.67,2021 Albion Tray 2 - April 2023
CH-21-025,-23.33,57.79,14.85,6.04,9.56,2021 Albion Tray 2 - April 2023
CH-21-123,-22.33,55.49,14.77,7.48,7.42,2021 Albion Tray 2 - April 2023
CH-21-266,-18.98,51.23,15.29,10.82,4.74,2021 Albion Tray 2 - April 2023
CH-21-092,-21.06,51.59,14.42,10.48,4.92,2021 Albion Tray 2 - April 2023
CH-21-262,-18.14,47.21,15.65,11.09,4.26,2021 Albion Tray 2 - April 2023
CH-21-066,-22.89,61.84,14.68,8.59,7.2,2021 Albion Tray 2 - April 2023
CH-21-173,-20.83,52.15,14.49,11.1,4.7,2021 Albion Tray 2 - April 2023
CH-21-265,-18.56,54.66,15.68,12.47,4.38,2021 Albion Tray 2 - April 2023
CH-21-065,-24.42,58.84,14.6,5.44,10.81,2021 Albion Tray 2 - April 2023
CH-21-243,-20.94,56.34,15.17,8.58,6.57,2021 Albion Tray 2 - April 2023
CH-21-057,-20.86,51.97,14.88,11.11,4.68,2021 Albion Tray 2 - April 2023
CH-21-024,-22.09,51.91,14.81,9.68,5.36,2021 Albion Tray 2 - April 2023
CH-21-226,-21.06,54.63,14.77,9.32,5.86,2021 Albion Tray 2 - April 2023
CH-21-012,-23.14,58.2,14.98,8.02,7.26,2021 Albion Tray 2 - April 2023
CH-21-121,-22.87,60.08,15,7.04,8.53,2021 Albion Tray 2 - April 2023
CH-21-198,-22.16,57.66,14.45,5.39,10.7,2021 Albion Tray 2 - April 2023
CH-21-251,-19.93,57.79,15.86,8.74,6.61,2021 Albion Tray 2 - April 2023
CH-21-228,-21.7,64.51,14.45,7.95,8.11,2021 Albion Tray 2 - April 2023
CH-21-136,-22.69,56.96,14.7,7.82,7.28,2021 Albion Tray 2 - April 2023
CH-21-107,-24.06,59.94,14.58,6.58,9.11,2021 Albion Tray 2 - April 2023
CH-21-214,-21.81,62.17,13.97,9.45,6.58,2021 Albion Tray 2 - April 2023
CH-21-021,-21.08,53.19,14.36,11.6,4.59,2021 Albion Tray 2 - April 2023
CH-21-003,-23.82,62.21,14.88,7.19,8.65,2021 Albion Tray 2 - April 2023
CH-21-046,-22.33,60.26,14.54,7.81,7.71,2021 Albion Tray 2 - April 2023
CH-21-188,-23.44,59.57,14.92,6.55,9.09,2021 Albion Tray 2 - April 2023
CH-21-254,-19.6,56.69,15.74,9.75,5.82,2021 Albion Tray 2 - April 2023
CH-21-052,-23.71,60.55,14.12,8.99,6.73,2021 Albion Tray 2 - April 2023
CH-21-189,-22.34,63.06,14.28,7.95,7.93,2021 Albion Tray 2 - April 2023
CH-21-153,-21.69,61.57,14.31,8.71,7.07,2021 Albion Tray 2 - April 2023
CH-21-076,-22.1,59.59,14.43,10.65,5.6,2021 Albion Tray 2 - April 2023
CH-21-029,-22.77,56.92,14.95,9.3,6.12,2021 Albion Tray 2 - April 2023
CH-21-067,-21.73,57.91,14.22,10.27,5.64,2021 Albion Tray 2 - April 2023
CH-21-252,-20.38,61.75,15.18,9.06,6.81,2021 Albion Tray 2 - April 2023
CH-21-256,-20.36,56.81,15.97,9.7,5.86,2021 Albion Tray 2 - April 2023
CH-21-176,-22.51,62.54,14.06,8.04,7.78,2021 Albion Tray 2 - April 2023
CH-21-172,-20.26,54.92,14.42,11.9,4.62,2021 Albion Tray 2 - April 2023
CH-21-267,-20.21,59.36,15.03,10.33,5.75,2021 Albion Tray 2 - April 2023
CH-21-219,-20.71,59.24,14.79,8.27,7.17,2021 Albion Tray 2 - April 2023
CH-21-093,-21.94,51.6,13.83,10.44,4.94,2021 Albion Tray 2 - April 2023
CH-21-135,-21.25,56.49,14.39,9.29,6.08,2021 Albion Tray 2 - April 2023
CH-21-104,-22.64,60.78,14.38,6.86,8.86,2021 Albion Tray 2 - April 2023
CH-21-232,-20.63,59.39,14.53,9.67,6.14,2021 Albion Tray 2 - April 2023
CH-21-088,-22.36,53.84,14.64,7.44,7.24,2021 Albion Tray 3 - April 2023
CH-21-209,-21.57,60.75,14.09,8.19,7.42,2021 Albion Tray 3 - April 2023
CH-21-001,-21.67,52.48,14.93,8.47,6.2,2021 Albion Tray 3 - April 2023
CH-21-080,-22.02,62.94,14.18,7.22,8.72,2021 Albion Tray 3 - April 2023
CH-21-111,-22.06,58.13,14.54,7.72,7.53,2021 Albion Tray 3 - April 2023
CH-21-038,-20.49,52.49,14.65,11.85,4.43,2021 Albion Tray 3 - April 2023
CH-21-117,-21.24,58.62,14.86,9.4,6.23,2021 Albion Tray 3 - April 2023
CH-21-249,-18.63,54.47,15.19,11.93,4.57,2021 Albion Tray 3 - April 2023
CH-21-084,-20.28,58.19,14.42,10.28,5.66,2021 Albion Tray 3 - April 2023
CH-21-129,-22.13,65.68,14.74,7.24,9.07,2021 Albion Tray 3 - April 2023
CH-21-030,-24.12,62.57,14.36,6.13,10.21,2021 Albion Tray 3 - April 2023
CH-21-036,-21.97,56.03,15.16,9.19,6.1,2021 Albion Tray 3 - April 2023
CH-21-081,-22.41,59.86,14.34,9.37,6.39,2021 Albion Tray 3 - April 2023
CH-21-063,-21.97,57.23,14.48,7.55,7.58,2021 Albion Tray 3 - April 2023
CH-21-098,-21.75,63.67,14.81,7.47,8.52,2021 Albion Tray 3 - April 2023
CH-21-004,-22.89,62.55,14.56,7.56,8.28,2021 Albion Tray 3 - April 2023
CH-21-010,-22.91,59.49,14.3,8.64,6.89,2021 Albion Tray 3 - April 2023
CH-21-044,-19.81,50.37,14.07,11.37,4.43,2021 Albion Tray 3 - April 2023
CH-21-087,-23.56,59.38,14.79,8.61,6.89,2021 Albion Tray 3 - April 2023
CH-21-006,-23.09,62.05,15.04,5.99,10.36,2021 Albion Tray 3 - April 2023
CH-21-170,-20.17,54.11,14.45,10.6,5.1,2021 Albion Tray 3 - April 2023
CH-21-055,-20.86,45.46,14.77,10.06,4.52,2021 Albion Tray 3 - April 2023
CH-21-185,-21.69,58.52,14.31,9.63,6.08,2021 Albion Tray 3 - April 2023
CH-21-005,-20.49,51.87,14.91,12.76,4.07,2021 Albion Tray 3 - April 2023
CH-21-022,-21.87,52.95,14.6,9.52,5.56,2021 Albion Tray 3 - April 2023
CH-21-031,-22.1,62.7,14.77,8.35,7.51,2021 Albion Tray 3 - April 2023
CH-21-158,-21.98,58.23,14.53,7.28,7.99,2021 Albion Tray 3 - April 2023
CH-21-075,-21.46,59.3,14.19,9.05,6.55,2021 Albion Tray 3 - April 2023
CH-21-259,-19.71,55.64,15.37,10.81,5.15,2021 Albion Tray 3 - April 2023
CH-21-151,-21.58,59.54,14.1,9.57,6.22,2021 Albion Tray 3 - April 2023
CH-21-053,-21.33,58.82,14.49,9.96,5.91,2021 Albion Tray 3 - April 2023
CH-21-014,-21.92,53.04,14.13,10.68,4.96,2021 Albion Tray 3 - April 2023
CH-21-073,-20.65,56.72,14.54,10.59,5.36,2021 Albion Tray 3 - April 2023
CH-21-070,-21.28,55.38,14.37,8.58,6.45,2021 Albion Tray 3 - April 2023
CH-21-056,-23.01,64.44,14.83,8.47,7.61,2021 Albion Tray 3 - April 2023
CH-21-223,-20.53,52.65,13.96,11.07,4.76,2021 Albion Tray 3 - April 2023
CH-21-250,-19.65,58.96,15.55,9.78,6.03,2021 Albion Tray 3 - April 2023
CH-21-261,-18.43,47.17,16.05,10.2,4.62,2021 Albion Tray 3 - April 2023
VPSI0070,-28.57,0.99,1.53,0.1,10.16,GUSU Fish Run 3 + UO-CN-Tray 2 Part 1 - July 2023
VPSI0054,-28.48,0.67,1.68,0.1,6.41,GUSU Fish Run 3 + UO-CN-Tray 2 Part 1 - July 2023
VPSI0163,-22.01,0.84,2.92,0.17,4.95,GUSU Fish Run 3 + UO-CN-Tray 2 Part 1 - July 2023
VPSI0169,-20.67,1.34,5.09,0.22,6.04,GUSU Fish Run 3 + UO-CN-Tray 2 Part 1 - July 2023
VPSI0069,-27.98,1.15,1.83,0.1,11.28,GUSU Fish Run 3 + UO-CN-Tray 2 Part 1 - July 2023
VPSI0061,-20.2,2.29,5.26,0.4,5.76,GUSU Fish Run 3 + UO-CN-Tray 2 Part 1 - July 2023
VPSI0166,-23.3,0.95,2.42,0.2,4.82,GUSU Fish Run 3 + UO-CN-Tray 2 Part 1 - July 2023
VPSI0057,-14.88,1.17,7.14,0.15,7.88,GUSU Fish Run 3 + UO-CN-Tray 2 Part 1 - July 2023
VPSI0080,-23.81,0.97,5.47,0.14,6.74,GUSU Fish Run 3 + UO-CN-Tray 2 Part 1 - July 2023
VPSI0154,-24.83,1.45,0.76,0.35,4.12,GUSU Fish Run 3 + UO-CN-Tray 2 Part 1 - July 2023
VPSI0160,-20.15,0.91,5.12,0.14,6.56,GUSU Fish Run 3 + UO-CN-Tray 2 Part 1 - July 2023
VPSI0167,-19.43,1.49,5.49,0.23,6.55,GUSU Fish Run 3 + UO-CN-Tray 2 Part 1 - July 2023
VPSI0158,-24.1,1.08,5.57,0.2,5.35,GUSU Fish Run 3 + UO-CN-Tray 2 Part 1 - July 2023
VPSI0152,-24.63,1.51,4.36,0.3,5.04,GUSU Fish Run 3 + UO-CN-Tray 2 Part 1 - July 2023
VPSI0155,-21.26,1.12,3.47,0.24,4.74,PS 2023 Rooney + UO-CN-Tray 2 Part 2 & 3 - July 2023
VPSI0159,-24.31,1,3.46,0.22,4.64,PS 2023 Rooney + UO-CN-Tray 2 Part 2 & 3 - July 2023
VPSI0164,-22.71,1.09,4.51,0.2,5.53,PS 2023 Rooney + UO-CN-Tray 2 Part 2 & 3 - July 2023
VPSI0156,-21.08,1.19,5.55,0.22,5.48,PS 2023 Rooney + UO-CN-Tray 2 Part 2 & 3 - July 2023
Y22-PI-105,-27.79,0.41,-10.93,0.09,4.49,PS 2023 Rooney + UO-CN-Tray 2 Part 2 & 3 - July 2023
Y22-PI-221,-24.83,0.73,-1.44,0.14,5.09,PS 2023 Rooney + UO-CN-Tray 2 Part 2 & 3 - July 2023
Y22-PI-145,-25.52,0.51,-0.12,0.09,5.5,PS 2023 Rooney + UO-CN-Tray 2 Part 2 & 3 - July 2023
Y22-PI-108,-22.36,0.67,-4.62,0.09,7.62,PS 2023 Rooney + UO-CN-Tray 2 Part 2 & 3 - July 2023
Y22-PI-148,-26.92,0.4,9.56,0.07,6.14,PS 2023 Rooney + UO-CN-Tray 2 Part 2 & 3 - July 2023
Y22-PI-109,-27.04,0.47,-3.56,0.07,7.12,PS 2023 Rooney + UO-CN-Tray 2 Part 2 & 3 - July 2023
Y22-PI-147,-27.47,0.37,-11.23,0.09,4.34,PS 2023 Rooney + UO-CN-Tray 2 Part 2 & 3 - July 2023
Y22-PI-112,-27.4,0.57,-2.01,0.1,5.89,PS 2023 Rooney + UO-CN-Tray 2 Part 2 & 3 - July 2023
Y22-PI-103,-26.52,0.67,1.52,0.07,9.59,PS 2023 Rooney + UO-CN-Tray 2 Part 2 & 3 - July 2023
Y22-PI-146,-28.39,0.43,-9.62,0.09,4.94,PS 2023 Rooney + UO-CN-Tray 2 Part 2 & 3 - July 2023
Y22-PI-104,-21.29,0.88,-3.28,0.09,10.24,PS 2023 Rooney + UO-CN-Tray 2 Part 2 & 3 - July 2023
Y22-PI-106,-21.88,0.57,-0.06,0.08,7.08,PS 2023 Rooney + UO-CN-Tray 2 Part 2 & 3 - July 2023
Y22-PI-102,-28.04,0.45,-4.88,0.06,7.1,PS 2023 Rooney + UO-CN-Tray 2 Part 2 & 3 - July 2023
Y22-PI-101,-30.1,0.6,0.79,0.11,5.66,PS 2023 Rooney + UO-CN-Tray 2 Part 2 & 3 - July 2023
VPSI0062,-20.15,2.33,2.74,0.53,4.4,PS 2023 Rooney + UO-CN-Tray 2 Part 2 & 3 - July 2023
VPSI0058,-21.11,0.84,-0.96,0.23,3.6,PS 2023 Rooney + UO-CN-Tray 2 Part 2 & 3 - July 2023
VPSI0053,-29.22,0.7,5.38,0.09,7.69,PS 2023 Rooney + UO-CN-Tray 2 Part 2 & 3 - July 2023
VPSI0049,-31.17,0.66,6.79,0.07,9.35,PS 2023 Rooney + UO-CN-Tray 2 Part 2 & 3 - July 2023
VPSI0066,-21.63,0.76,2.95,0.19,3.95,PS 2023 Rooney + UO-CN-Tray 2 Part 2 & 3 - July 2023
VPSI0073,-28.93,0.52,3.01,0.06,8.75,PS 2023 Rooney + UO-CN-Tray 2 Part 2 & 3 - July 2023
VPSI0046,-32.61,0.59,2.61,0.08,7.06,PS 2023 Rooney + UO-CN-Tray 2 Part 2 & 3 - July 2023
VPSI0079,-19.21,7.79,5.16,0.76,10.31,PS 2023 Rooney + UO-CN-Tray 2 Part 2 & 3 - July 2023
VPSI0081,-25.73,1.44,5.44,0.24,5.89,PS 2023 Rooney + UO-CN-Tray 2 Part 2 & 3 - July 2023
VPSI0065,-22.14,0.84,6.51,0.14,5.98,PS 2023 Rooney + UO-CN-Tray 2 Part 2 & 3 - July 2023
VPSI0074,-27.22,0.52,3.78,0.06,8.76,Marten samples plate #1 2023 + UO-CN-Tray 2 Part 4 - July 2023
VPSI0083,-28.72,3.95,0.58,0.55,7.23,Marten samples plate #1 2023 + UO-CN-Tray 2 Part 4 - July 2023
VPSI0050,-29.96,0.95,5.37,0.12,7.87,Marten samples plate #1 2023 + UO-CN-Tray 2 Part 4 - July 2023
VPSI0045,-30.56,0.68,1.41,0.08,8.74,Marten samples plate #1 2023 + UO-CN-Tray 2 Part 4 - July 2023
VPSI0132,-22.65,1.06,3.21,0.24,4.46,Marten samples plate #1 2023 + UO-CN-Tray 2 Part 4 - July 2023
VPSI0098,-20.5,2.73,5.15,0.37,7.35,Marten samples plate #1 2023 + UO-CN-Tray 2 Part 4 - July 2023
VPSI0138,-21.44,1.61,3.12,0.39,4.17,Marten samples plate #1 2023 + UO-CN-Tray 2 Part 4 - July 2023
VPSI0131,-22.53,1.16,3.88,0.22,5.27,Marten samples plate #1 2023 + UO-CN-Tray 2 Part 4 - July 2023
VPSI0125,-22.85,0.66,4.75,0.12,5.67,Marten samples plate #1 2023 + UO-CN-Tray 2 Part 4 - July 2023
VPSI0102,-21.63,2.1,4.72,0.41,5.12,Marten samples plate #1 2023 + UO-CN-Tray 2 Part 4 - July 2023
VPSI0134,-23.23,1.21,4.33,0.22,5.41,Marten samples plate #1 2023 + UO-CN-Tray 2 Part 4 - July 2023
VPSI0128,-23.15,1.5,3.83,0.29,5.24,Marten samples plate #1 2023 + UO-CN-Tray 2 Part 4 - July 2023
VPSI0141,-22.18,1.29,0.08,0.29,4.41,Marten samples plate #1 2023 + UO-CN-Tray 2 Part 4 - July 2023
VPSI0135,-23.42,1.13,2.21,0.23,4.85,Marten samples plate #1 2023 + UO-CN-Tray 2 Part 4 - July 2023
VPSI0113,-18.68,1.68,5.38,0.26,6.42,Squirrel hair plate 1 2023 + UO-CN-Tray 2 Part 5 - July 2023
VPSI0150,-19.65,1.45,2.14,0.35,4.17,Squirrel hair plate 1 2023 + UO-CN-Tray 2 Part 5 - July 2023
VPSI0143,-19.9,1.61,4.6,0.32,4.97,Squirrel hair plate 1 2023 + UO-CN-Tray 2 Part 5 - July 2023
VPSI0149,-19.4,1.52,4.74,0.31,4.96,Squirrel hair plate 1 2023 + UO-CN-Tray 2 Part 5 - July 2023
VPSI0147,-20.91,1.18,1.87,0.28,4.22,Squirrel hair plate 1 2023 + UO-CN-Tray 2 Part 5 - July 2023
VPSI0126,-23.74,0.56,-4.02,0.17,3.3,Squirrel hair plate 1 2023 + UO-CN-Tray 2 Part 5 - July 2023
VPSI0146,-20.84,1.2,4.76,0.24,5.11,Squirrel hair plate 1 2023 + UO-CN-Tray 2 Part 5 - July 2023
VPSI0114,-20.15,1.33,4.84,0.27,4.9,Squirrel hair plate 1 2023 + UO-CN-Tray 2 Part 5 - July 2023
VPSI0104,-19.53,1.54,5.2,0.3,5.19,Squirrel hair plate 1 2023 + UO-CN-Tray 2 Part 5 - July 2023
QF7001,-22.33,42.06,9.43,8.13,5.17,QU39 Tray 8 + UO-CN-Tray 3-Part 1 - Oct 2023
QF6963,-21.58,43.04,10.57,7.6,5.66,QU39 Tray 8 + UO-CN-Tray 3-Part 1 - Oct 2023
QF6961,-20.2,42.78,10.93,8.27,5.18,QU39 Tray 8 + UO-CN-Tray 3-Part 1 - Oct 2023
QF6978,-21.55,41.93,10.27,7.9,5.31,QU39 Tray 8 + UO-CN-Tray 3-Part 1 - Oct 2023
QF7000,-20.68,45.98,9.44,10.52,4.37,QU39 Tray 8 + UO-CN-Tray 3-Part 1 - Oct 2023
QF6977,-20.71,43.72,10.49,8.55,5.11,QU39 Tray 8 + UO-CN-Tray 3-Part 1 - Oct 2023
QF6976,-20.93,34.08,10.94,7.59,4.49,QU39 Tray 8 + UO-CN-Tray 3-Part 1 - Oct 2023
QF7002,-26.34,40.97,9.33,8.36,4.9,QU39 Tray 8 + UO-CN-Tray 3-Part 1 - Oct 2023
QF6943,-20.68,33.78,10.54,6.22,5.43,QU39 Tray 8 + UO-CN-Tray 3-Part 1 - Oct 2023
QF5564,-21.71,38.31,11.07,9.69,3.95,QU39 Tray 8 + UO-CN-Tray 3-Part 1 - Oct 2023
QF6984,-21.09,35.41,10.95,7.54,4.7,QU39 Tray 8 + UO-CN-Tray 3-Part 1 - Oct 2023
QF6979,-24.79,41.6,10.99,7.32,5.69,QU39 Tray 8 + UO-CN-Tray 3-Part 1 - Oct 2023
QF6964,-23.11,35.68,11.31,6.23,5.72,QU39 Tray 8 + UO-CN-Tray 3-Part 1 - Oct 2023
QF5561,-20.6,41.17,13,10.4,3.96,QU39 Tray 8 + UO-CN-Tray 3-Part 1 - Oct 2023
QF5563,-18,47.62,11.56,10.56,4.51,QU39 Tray 8 + UO-CN-Tray 3-Part 1 - Oct 2023
QF7534,-20.62,43.28,9.46,7.21,6,QU39 Tray 8 + UO-CN-Tray 3-Part 1 - Oct 2023
QF7542,-21.17,45.74,9.63,6.83,6.7,QU39 Tray 8 + UO-CN-Tray 3-Part 1 - Oct 2023
QF8105,-20.2,39.36,9.63,6.12,6.43,QU39 Tray 8 + UO-CN-Tray 3-Part 1 - Oct 2023
QF7552,-20.8,43.34,9.48,7.55,5.74,QU39 Tray 8 + UO-CN-Tray 3-Part 1 - Oct 2023
QF8170,-20.73,43.68,10.9,9.65,4.53,QU39 Tray 8 + UO-CN-Tray 3-Part 1 - Oct 2023
QF8165,-21.58,44.15,10.57,8.29,5.33,QU39 Tray 8 + UO-CN-Tray 3-Part 1 - Oct 2023
QF5677,-21.91,44.32,10.39,7.93,5.59,QU39 Tray 8 + UO-CN-Tray 3-Part 1 - Oct 2023
QF8142,-21.83,45.26,10.26,7.92,5.71,QU39 Tray 8 + UO-CN-Tray 3-Part 1 - Oct 2023
QF7483,-20.22,47.07,8.35,7.52,6.26,QU39 Tray 8 + UO-CN-Tray 3-Part 1 - Oct 2023
QF7520,-20.45,47.19,9.33,7.52,6.28,QU39 Tray 8 + UO-CN-Tray 3-Part 1 - Oct 2023
QF7527,-20.56,44.09,9.57,7.14,6.18,QU39 Tray 8 + UO-CN-Tray 3-Part 1 - Oct 2023
QF7059,-21.27,40.82,9.05,8.73,4.68,QU39 Tray 8 + UO-CN-Tray 3-Part 1 - Oct 2023
QF7064,-20.65,46.38,9.81,7.72,6,QU39 Tray 8 + UO-CN-Tray 3-Part 1 - Oct 2023
QF7321,-21.44,44.14,10.51,7.32,6.03,QU39 Tray 8 + UO-CN-Tray 3-Part 1 - Oct 2023
QF5598,-19.33,39.99,11.83,11.33,3.53,QU39 Tray 8 + UO-CN-Tray 3-Part 1 - Oct 2023
QF7097,-21.44,45.33,9.93,8.5,5.33,QU39 Tray 8 + UO-CN-Tray 3-Part 1 - Oct 2023
QF7317,-21.1,39.92,10.2,7.2,5.54,QU39 Tray 8 + UO-CN-Tray 3-Part 1 - Oct 2023
QF7095,-22.16,43.36,9.48,5.72,7.58,QU39 Tray 8 + UO-CN-Tray 3-Part 1 - Oct 2023
QF7307,-22.79,36.8,9.5,5.79,6.36,QU39 Tray 8 + UO-CN-Tray 3-Part 1 - Oct 2023
QF5671,-22.08,30.87,8.97,2.9,10.65,QU39 Tray 8 + UO-CN-Tray 3-Part 1 - Oct 2023
QF7304,-21.24,46.33,10.01,8.34,5.56,QU39 Tray 8 + UO-CN-Tray 3-Part 1 - Oct 2023
QF7341,-21.07,45.14,9.52,6.41,7.05,QU39 Tray 8 + UO-CN-Tray 3-Part 1 - Oct 2023
QF7339,-21.67,42.04,9.52,5.44,7.73,QU39 Tray 8 + UO-CN-Tray 3-Part 1 - Oct 2023
QF5673,-20.84,44.84,9.08,11.64,3.85,QU39 Tray 8 + UO-CN-Tray 3-Part 1 - Oct 2023
QF7344,-21.95,43.11,8.46,6.76,6.38,QU39 Tray 8 + UO-CN-Tray 3-Part 1 - Oct 2023
QF7343,-22.05,45.46,9.72,5.89,7.72,QU39 Tray 8 + UO-CN-Tray 3-Part 1 - Oct 2023
QF7337,-19.69,41.96,9.59,9.38,4.47,QU39 Tray 8 + UO-CN-Tray 3-Part 1 - Oct 2023
QF7314,-20.44,46.54,9.79,7.95,5.86,QU39 Tray 8 + UO-CN-Tray 3-Part 1 - Oct 2023
QF7323,-21.95,37.93,10.6,5.96,6.37,QU39 Tray 8 + UO-CN-Tray 3-Part 1 - Oct 2023
QF7366,-22.07,49.15,9.34,7.26,6.77,QU39 Tray 8 + UO-CN-Tray 3-Part 1 - Oct 2023
QF7316,-22.14,44.67,10.14,6.15,7.27,QU39 Tray 8 + UO-CN-Tray 3-Part 1 - Oct 2023
QF7310,-20.37,43.39,9.38,10.02,4.33,QU39 Tray 8 + UO-CN-Tray 3-Part 1 - Oct 2023
QF7312,-21.35,44.02,9.19,7.58,5.81,QU39 Tray 8 + UO-CN-Tray 3-Part 1 - Oct 2023
QF7066,-21.69,47.98,10.14,6.95,6.9,QU39 Tray 8 + UO-CN-Tray 3-Part 1 - Oct 2023
QF7058,-20.47,38.94,9.09,9.09,4.29,QU39 Tray 8 + UO-CN-Tray 3-Part 1 - Oct 2023
QF7068,-22.64,46.31,9.8,6.42,7.21,QU39 Tray 8 + UO-CN-Tray 3-Part 1 - Oct 2023
QF7361,-20.93,46.09,8.66,9.97,4.62,QU39 Tray 8 + UO-CN-Tray 3-Part 1 - Oct 2023
QF7365,-22.45,42.89,9.82,6.57,6.53,QU39 Tray 8 + UO-CN-Tray 3-Part 1 - Oct 2023
QF7364,-22.36,49.21,10.06,7.71,6.38,QU39 Tray 8 + UO-CN-Tray 3-Part 1 - Oct 2023
QF7362,-21.19,44.17,9.08,9.87,4.47,QU39 Tray 8 + UO-CN-Tray 3-Part 1 - Oct 2023
QF7363,-20.1,46.67,10.55,9.4,4.96,QU39 Tray 8 + UO-CN-Tray 3-Part 1 - Oct 2023
QF5672,-20.29,39.43,10.33,8.93,4.41,QU39 Tray 8 + UO-CN-Tray 3-Part 1 - Oct 2023
QF7311,-18.94,32.93,12.02,6.44,5.11,QU39 Tray 8 + UO-CN-Tray 3-Part 1 - Oct 2023
QF5674,-19.35,44.09,14.54,9.25,4.77,QU39 Tray 8 + UO-CN-Tray 3-Part 1 - Oct 2023
QF7056,-19.71,46.66,13.57,7.7,6.06,QU39 Tray 8 + UO-CN-Tray 3-Part 1 - Oct 2023
QF7338,-21.73,22.19,9.69,3.01,7.37,QU39 Tray 8 + UO-CN-Tray 3-Part 1 - Oct 2023
QF7057,-22.97,14.64,10.5,2.84,5.16,QU39 Tray 8 + UO-CN-Tray 3-Part 1 - Oct 2023
VPSI0129,-22.53,1.67,4,0.31,5.43,QU39 Tray 8 + UO-CN-Tray 3-Part 1 - Oct 2023
VPSI0116,-19.86,2.01,4.94,0.28,7.14,QU39 Tray 8 + UO-CN-Tray 3-Part 1 - Oct 2023
VPSI0108,-20.79,1.37,5.69,0.26,5.22,QU39 Tray 8 + UO-CN-Tray 3-Part 1 - Oct 2023
VPSI0086,-21.4,1.62,3.03,0.25,6.51,QU39 Tray 8 + UO-CN-Tray 3-Part 1 - Oct 2023
VPSI0123,-23.02,0.91,6.08,0.2,4.51,QU39 Tray 8 + UO-CN-Tray 3-Part 1 - Oct 2023
VPSI0137,-20.54,1.87,4.32,0.37,5.04,QU39 Tray 8 + UO-CN-Tray 3-Part 1 - Oct 2023
VPSI0122,-22.98,0.94,4,0.17,5.45,QU39 Tray 8 + UO-CN-Tray 3-Part 1 - Oct 2023
VPSI0090,-23.78,1.9,3.4,0.35,5.37,QU39 Tray 8 + UO-CN-Tray 3-Part 1 - Oct 2023
VPSI0144,-21.01,1.52,5.06,0.36,4.28,QU39 Tray 8 + UO-CN-Tray 3-Part 1 - Oct 2023
VPSI0088,-22.4,1.35,3.77,0.26,5.11,QU39 Tray 8 + UO-CN-Tray 3-Part 1 - Oct 2023
VPSI0095,-19.81,3.06,4.95,0.56,5.46,QU39 Tray 8 + UO-CN-Tray 3-Part 1 - Oct 2023
VPSI0120,-19.44,3.18,4.33,0.68,4.66,QU39 Tray 8 + UO-CN-Tray 3-Part 1 - Oct 2023
VPSI0180,-29.49,0.76,1.25,0.06,12.72,QU39 Tray 8 + UO-CN-Tray 3-Part 1 - Oct 2023
VPSI0117,-20.96,1.51,5.94,0.34,4.39,QU39 Tray 8 + UO-CN-Tray 3-Part 1 - Oct 2023
