Identifier 1,cal d13C,cal %C,cal d15N,cal %N,C:N,,File
QF3528,-21.72,40.56,10.02,7.27,5.58,,AM QU39 Tray 3+EY Exp 4 Run 3 Part 1 - June 2022
QF3528,-21.86,44.28,9.85,7.45,5.94,,AM QU39 Tray 3+EY Exp 4 Run 3 Part 1 - June 2022
QF3117,-20.54,40.26,9.27,9.6,4.19,,AM QU39 Tray 3+EY Exp 4 Run 3 Part 1 - June 2022
QF3559,-20.67,40.8,8.62,9.01,4.53,,AM QU39 Tray 3+EY Exp 4 Run 3 Part 1 - June 2022
QF3188,-19.33,37.36,10.51,6.33,5.9,,AM QU39 Tray 3+EY Exp 4 Run 3 Part 1 - June 2022
QF2605,-20.67,43.7,9.51,10.23,4.27,,AM QU39 Tray 3+EY Exp 4 Run 3 Part 1 - June 2022
QF3384,-19.65,42.47,9.93,7.71,5.51,,AM QU39 Tray 3+EY Exp 4 Run 3 Part 1 - June 2022
QF3563,-20.85,41.4,9.59,6.58,6.29,,AM QU39 Tray 3+EY Exp 4 Run 3 Part 1 - June 2022
QF3556,-20.53,16.54,9.63,3.16,5.23,,AM QU39 Tray 3+EY Exp 4 Run 3 Part 1 - June 2022
QF3257,-19.88,44.4,13.12,9.42,4.72,,AM QU39 Tray 3+EY Exp 4 Run 3 Part 1 - June 2022
QF3010,-19.18,36.49,10.46,7.42,4.92,,AM QU39 Tray 3+EY Exp 4 Run 3 Part 1 - June 2022
QF3058,-19.26,42.62,8.26,7.89,5.4,,AM QU39 Tray 3+EY Exp 4 Run 3 Part 1 - June 2022
QF3560,-21.76,33.37,9.62,5.79,5.77,,AM QU39 Tray 3+EY Exp 4 Run 3 Part 1 - June 2022
QF3863,-20.92,37.68,10.33,6.03,6.24,,AM QU39 Tray 3+EY Exp 4 Run 3 Part 1 - June 2022
QF3619,-21.23,44.19,10.1,8.49,5.2,,AM QU39 Tray 3+EY Exp 4 Run 3 Part 1 - June 2022
QF3316,-18.76,36.6,10.36,6.38,5.74,,AM QU39 Tray 3+EY Exp 4 Run 3 Part 1 - June 2022
QF3778,-21.08,44.23,10.38,7.94,5.57,,AM QU39 Tray 3+EY Exp 4 Run 3 Part 1 - June 2022
QF3764,-22.9,43.08,8.94,8.38,5.14,,AM QU39 Tray 3+EY Exp 4 Run 3 Part 1 - June 2022
QF3772,-21.36,37.32,9.68,6.73,5.54,,AM QU39 Tray 3+EY Exp 4 Run 3 Part 1 - June 2022
QF2795,-24.58,39.07,10.09,7.41,5.27,,AM QU39 Tray 3+EY Exp 4 Run 3 Part 1 - June 2022
QF2796,-22.27,42.17,9.95,8.14,5.18,,AM QU39 Tray 3+EY Exp 4 Run 3 Part 1 - June 2022
QF3782,-22.14,38.55,9.22,5.46,7.06,,AM QU39 Tray 3+EY Exp 4 Run 3 Part 1 - June 2022
QF3601,-21.04,40.53,8.55,9.34,4.34,,AM QU39 Tray 3+EY Exp 4 Run 3 Part 1 - June 2022
QF3618,-20.63,33.05,11.3,6.41,5.16,,AM QU39 Tray 3+EY Exp 4 Run 3 Part 1 - June 2022
QF2797,-20.67,36.12,11.52,7.2,5.02,,AM QU39 Tray 3+EY Exp 4 Run 3 Part 1 - June 2022
QF3558,-19.89,39.12,10.13,7.35,5.32,,AM QU39 Tray 3+EY Exp 4 Run 3 Part 1 - June 2022
QF3779,-22.67,47.49,9.92,6.98,6.8,,AM QU39 Tray 3+EY Exp 4 Run 3 Part 1 - June 2022
QF3564,-19.54,48.15,10.1,9.02,5.34,,AM QU39 Tray 3+EY Exp 4 Run 3 Part 1 - June 2022
QF3771,-21.29,43.59,9.76,9.02,4.83,,AM QU39 Tray 3+EY Exp 4 Run 3 Part 1 - June 2022
QF3382,-20.25,41.19,9.57,7.37,5.59,,AM QU39 Tray 3+EY Exp 4 Run 3 Part 1 - June 2022
QF3565,-20.23,41.01,9.83,8.4,4.88,,AM QU39 Tray 3+EY Exp 4 Run 3 Part 1 - June 2022
QF3527,-20.98,41.35,9.61,7.35,5.63,,AM QU39 Tray 3+EY Exp 4 Run 3 Part 1 - June 2022
QF3759,-21.81,41.99,8.37,8.12,5.17,,AM QU39 Tray 3+EY Exp 4 Run 3 Part 1 - June 2022
QF3620,-21.6,44.9,10.04,8.59,5.23,,AM QU39 Tray 3+EY Exp 4 Run 3 Part 1 - June 2022
QF3647,-23.2,41.9,9.39,8.31,5.04,,AM QU39 Tray 3+EY Exp 4 Run 3 Part 1 - June 2022
QF3885,-21.1,43.63,10.51,8.28,5.27,,AM QU39 Tray 3+EY Exp 4 Run 3 Part 1 - June 2022
QF3122,-21.32,15.78,7.04,2.58,6.11,,AM QU39 Tray 3+EY Exp 4 Run 3 Part 1 - June 2022
QF3924,-22.74,43.52,11.02,7.4,5.88,,AM QU39 Tray 3+EY Exp 4 Run 3 Part 1 - June 2022
QF3625,-22.48,46.7,9.31,7.68,6.08,,AM QU39 Tray 3+EY Exp 4 Run 3 Part 1 - June 2022
QF3894,-21.12,42.72,11.23,8.45,5.06,,AM QU39 Tray 3+EY Exp 4 Run 3 Part 1 - June 2022
QF3760,-20.64,38.98,11.44,6.5,5.99,,AM QU39 Tray 3+EY Exp 4 Run 3 Part 1 - June 2022
QF3061,-19.73,35.15,8.26,6.33,5.55,,AM QU39 Tray 3+EY Exp 4 Run 3 Part 1 - June 2022
QF3845,-20.3,39.57,9.25,6.69,5.91,,AM QU39 Tray 3+EY Exp 4 Run 3 Part 1 - June 2022
QF3763,-22.12,41.64,9.92,7.57,5.5,,AM QU39 Tray 3+EY Exp 4 Run 3 Part 1 - June 2022
QF2078,-18.13,38.57,10.24,9.78,3.94,,AM QU39 Tray 3+EY Exp 4 Run 3 Part 1 - June 2022
QF2284,-19.05,40.63,10.93,10.87,3.74,,AM QU39 Tray 3+EY Exp 4 Run 3 Part 1 - June 2022
QF3893,-21.56,45.99,10.57,8.59,5.36,,AM QU39 Tray 3+EY Exp 4 Run 3 Part 1 - June 2022
QF3377,-20.57,22.79,8.15,3.18,7.16,,AM QU39 Tray 3+EY Exp 4 Run 3 Part 1 - June 2022
QX4070,-18.97,43.11,10.34,9.03,4.77,,AM QU39 Tray 3+EY Exp 4 Run 3 Part 1 - June 2022
QF3313,-18.48,42.82,11.82,8.92,4.8,,AM QU39 Tray 3+EY Exp 4 Run 3 Part 1 - June 2022
QF3192,-19.79,45.18,8.88,7.66,5.9,,AM QU39 Tray 3+EY Exp 4 Run 3 Part 1 - June 2022
QF2887,-20.17,38.04,12.32,8.79,4.33,,AM QU39 Tray 3+EY Exp 4 Run 3 Part 1 - June 2022
QF3561,-22.12,30.54,9.66,6.06,5.04,,AM QU39 Tray 3+EY Exp 4 Run 3 Part 1 - June 2022
QF1600,-18.97,40.14,9.66,9.52,4.22,,AM QU39 Tray 3+EY Exp 4 Run 3 Part 1 - June 2022
QF3322,-19.23,39.26,10.49,7.54,5.21,,AM QU39 Tray 3+EY Exp 4 Run 3 Part 1 - June 2022
QF2780,-25.4,41.85,7.67,7.37,5.68,,AM QU39 Tray 3+EY Exp 4 Run 3 Part 1 - June 2022
QF3949,-21.87,45.94,9.82,10.62,4.33,,AM QU39 Tray 3+EY Exp 4 Run 3 Part 1 - June 2022
QF4018,-21,41.76,11.48,8.73,4.78,,AM QU39 Tray 3+EY Exp 4 Run 3 Part 1 - June 2022
QF2781,-22.72,47.15,9.58,8.81,5.35,,AM QU39 Tray 3+EY Exp 4 Run 3 Part 1 - June 2022
QF2812,-21.22,44.33,11.77,9.82,4.52,,AM QU39 Tray 3+EY Exp 4 Run 3 Part 1 - June 2022
QF4030,-22.62,37.48,11.49,5.8,6.46,,AM QU39 Tray 3+EY Exp 4 Run 3 Part 1 - June 2022
QF3699,-21.18,42.91,10.07,8.88,4.83,,AM QU39 Tray 3+EY Exp 4 Run 3 Part 1 - June 2022
QF3700,-20.95,40.34,10.2,6.53,6.18,,AM QU39 Tray 3+EY Exp 4 Run 3 Part 1 - June 2022
QF3701,-20.34,43.71,10.32,8.14,5.37,,AM QU39 Tray 3+EY Exp 4 Run 3 Part 1 - June 2022
QF3412,-19.88,43.88,10.26,7.69,5.71,,AM QU39 Tray 3+EY Exp 4 Run 3 Part 1 - June 2022
QF3582,-20.68,45.46,10.32,7.4,6.14,,AM QU39 Tray 3+EY Exp 4 Run 3 Part 1 - June 2022
QF3511,-19.1,36.89,10.43,7.44,4.96,,AM QU39 Tray 3+EY Exp 4 Run 3 Part 1 - June 2022
QF3702,-22.31,50.24,10.31,8.24,6.09,,AM QU39 Tray 3+EY Exp 4 Run 3 Part 1 - June 2022
QF3484,-21.38,40.49,9.53,5.56,7.28,,AM QU39 Tray 4+EY Exp 4 Run 3 Part 2 - June 2022
QF4017,-21.51,45.93,9.7,8.22,5.59,,AM QU39 Tray 4+EY Exp 4 Run 3 Part 2 - June 2022
QX4071,-18.71,37.44,9.08,7.58,4.94,,AM QU39 Tray 4+EY Exp 4 Run 3 Part 2 - June 2022
QF3923,-22.27,43.37,9.5,9.57,4.53,,AM QU39 Tray 4+EY Exp 4 Run 3 Part 2 - June 2022
QF4197,-21.17,44.39,9.81,8.72,5.09,,AM QU39 Tray 4+EY Exp 4 Run 3 Part 2 - June 2022
QF4195,-20.86,38.9,9.7,9.5,4.09,,AM QU39 Tray 4+EY Exp 4 Run 3 Part 2 - June 2022
QF4272,-21.43,43.28,9.98,10.3,4.2,,AM QU39 Tray 4+EY Exp 4 Run 3 Part 2 - June 2022
QF4011,-21.24,40.89,10.95,8.63,4.74,,AM QU39 Tray 4+EY Exp 4 Run 3 Part 2 - June 2022
QF4010,-20.42,38.54,10.93,7.87,4.9,,AM QU39 Tray 4+EY Exp 4 Run 3 Part 2 - June 2022
QF4013,-24.27,37.59,10.96,7.17,5.24,,AM QU39 Tray 4+EY Exp 4 Run 3 Part 2 - June 2022
QF4019,-21.44,42.27,9.4,7.65,5.53,,AM QU39 Tray 4+EY Exp 4 Run 3 Part 2 - June 2022
QF3477,-19.84,45.18,9.67,7.97,5.67,,AM QU39 Tray 4+EY Exp 4 Run 3 Part 2 - June 2022
QF4012,-21.62,46.71,10.2,9.3,5.02,,AM QU39 Tray 4+EY Exp 4 Run 3 Part 2 - June 2022
QF3381,-18.7,38.07,9.85,7.62,5,,AM QU39 Tray 4+EY Exp 4 Run 3 Part 2 - June 2022
QF3380,-19.4,43.96,9.47,7.76,5.66,,AM QU39 Tray 4+EY Exp 4 Run 3 Part 2 - June 2022
QF3317,-19.27,45.65,9.34,8.4,5.43,,AM QU39 Tray 4+EY Exp 4 Run 3 Part 2 - June 2022
QF3525,-20.25,38.08,9.26,6.84,5.57,,AM QU39 Tray 4+EY Exp 4 Run 3 Part 2 - June 2022
QF3861,-21.81,43.59,9.62,7.73,5.64,,AM QU39 Tray 4+EY Exp 4 Run 3 Part 2 - June 2022
QF3757,-20.12,41.01,10.12,8.87,4.62,,AM QU39 Tray 4+EY Exp 4 Run 3 Part 2 - June 2022
QF3187,-18.85,47.05,8.74,9.16,5.14,,AM QU39 Tray 4+EY Exp 4 Run 3 Part 2 - June 2022
QF3546,-23.94,46.1,8.25,7.11,6.49,,AM QU39 Tray 4+EY Exp 4 Run 3 Part 2 - June 2022
QF3320,-19.32,49.04,9.69,9.34,5.25,,AM QU39 Tray 4+EY Exp 4 Run 3 Part 2 - June 2022
QF3059,-19.41,44.45,7.97,8.52,5.22,,AM QU39 Tray 4+EY Exp 4 Run 3 Part 2 - June 2022
QF3363,-20.5,39.87,8.7,6.93,5.76,,AM QU39 Tray 4+EY Exp 4 Run 3 Part 2 - June 2022
QF3451,-20.04,41.39,8.8,8.49,4.87,,AM QU39 Tray 4+EY Exp 4 Run 3 Part 2 - June 2022
QF3755,-21.68,43.73,9.78,7.77,5.63,,AM QU39 Tray 4+EY Exp 4 Run 3 Part 2 - June 2022
QF2981,-19.71,37.46,6.97,7.66,4.89,,AM QU39 Tray 4+EY Exp 4 Run 3 Part 2 - June 2022
QF3457,-21.02,46.5,9.41,7.54,6.17,,AM QU39 Tray 4+EY Exp 4 Run 3 Part 2 - June 2022
QF3841,-20.35,41.84,10,8.42,4.97,,AM QU39 Tray 4+EY Exp 4 Run 3 Part 2 - June 2022
QF3843,-21.63,43.61,9.22,7.33,5.95,,AM QU39 Tray 4+EY Exp 4 Run 3 Part 2 - June 2022
QF3190,-19.87,48.38,8.75,7.94,6.09,,AM QU39 Tray 4+EY Exp 4 Run 3 Part 2 - June 2022
QF3361,-20.26,45.4,9.09,7.19,6.31,,AM QU39 Tray 4+EY Exp 4 Run 3 Part 2 - June 2022
QF3761,-20.61,41.41,9.54,8.12,5.1,,AM QU39 Tray 4+EY Exp 4 Run 3 Part 2 - June 2022
QF3413,-19.28,46.53,9.2,8.58,5.43,,AM QU39 Tray 4+EY Exp 4 Run 3 Part 2 - June 2022
QF3521,-21.02,41.2,8.26,9.32,4.42,,AM QU39 Tray 4+EY Exp 4 Run 3 Part 2 - June 2022
QF3454,-19.67,45.43,9.34,8.62,5.27,,AM QU39 Tray 4+EY Exp 4 Run 3 Part 2 - June 2022
QF5418,-22.89,45,7.97,8.47,5.31,,AM QU39 Tray 4+EY Exp 4 Run 3 Part 2 - June 2022
QF5930,-22.53,48.6,8.11,7.03,6.92,,AM QU39 Tray 4+EY Exp 4 Run 3 Part 2 - June 2022
QF4205,-24.45,40.01,6.63,7.14,5.6,,AM QU39 Tray 4+EY Exp 4 Run 3 Part 2 - June 2022
QF5899,-22.48,48.01,8.62,7.53,6.38,,AM QU39 Tray 4+EY Exp 4 Run 3 Part 2 - June 2022
QF5502,-23.53,46.41,6.6,7.41,6.26,,AM QU39 Tray 4+EY Exp 4 Run 3 Part 2 - June 2022
QF5898,-21.86,47.8,8.41,7.6,6.29,,AM QU39 Tray 4+EY Exp 4 Run 3 Part 2 - June 2022
QF5897,-22.37,45.89,8.37,5.43,8.44,,AM QU39 Tray 4+EY Exp 4 Run 3 Part 2 - June 2022
QF4273,-20.12,30.07,8.05,5.78,5.2,,AM QU39 Tray 4+EY Exp 4 Run 3 Part 2 - June 2022
QF4573,-19.49,32.85,8.76,5.3,6.19,,AM QU39 Tray 4+EY Exp 4 Run 3 Part 2 - June 2022
QF5438,-23.93,49.7,10.13,7.58,6.56,,AM QU39 Tray 4+EY Exp 4 Run 3 Part 2 - June 2022
QF5873,-20.94,48.17,8.23,9.87,4.88,,AM QU39 Tray 4+EY Exp 4 Run 3 Part 2 - June 2022
QF5879,-22.69,44.16,9.79,6.47,6.83,,AM QU39 Tray 4+EY Exp 4 Run 3 Part 2 - June 2022
QF5880,-22.5,38.45,10.13,6.31,6.1,,AM QU39 Tray 4+EY Exp 4 Run 3 Part 2 - June 2022
QF5786,-21.71,45.37,10.02,7.49,6.06,,AM QU39 Tray 4+EY Exp 4 Run 3 Part 2 - June 2022
QF4244,-21.45,40.75,10.34,9.05,4.5,,AM QU39 Tray 4+EY Exp 4 Run 3 Part 2 - June 2022
QF5976,-21,43.28,11.62,11.25,3.85,,AM QU39 Tray 4+EY Exp 4 Run 3 Part 2 - June 2022
QF4180,-20.11,35.81,10.79,7.4,4.84,,AM QU39 Tray 4+EY Exp 4 Run 3 Part 2 - June 2022
QF4215,-20.69,39.52,9.33,9.24,4.28,,AM QU39 Tray 4+EY Exp 4 Run 3 Part 2 - June 2022
QF5819,-22.79,41.18,9.73,6.93,5.94,,AM QU39 Tray 4+EY Exp 4 Run 3 Part 2 - June 2022
QF5782,-20.65,41.42,10.67,7.09,5.84,,AM QU39 Tray 4+EY Exp 4 Run 3 Part 2 - June 2022
QF4191,-20.44,37.03,11.27,6.82,5.43,,AM QU39 Tray 4+EY Exp 4 Run 3 Part 2 - June 2022
QF5785,-22.44,46.48,8.65,6.88,6.76,,AM QU39 Tray 4+EY Exp 4 Run 3 Part 2 - June 2022
QF5781,-19.83,37.89,12.41,8.11,4.67,,AM QU39 Tray 4+EY Exp 4 Run 3 Part 2 - June 2022
QF4231,-23.49,42.67,9.22,8.06,5.29,,AM QU39 Tray 4+EY Exp 4 Run 3 Part 2 - June 2022
QF4304,-20.83,39.28,10.53,7.69,5.11,,AM QU39 Tray 4+EY Exp 4 Run 3 Part 2 - June 2022
QF5812,-21.65,44.69,8.62,10.65,4.2,,AM QU39 Tray 4+EY Exp 4 Run 3 Part 2 - June 2022
QF4182,-21.13,40.46,11.16,10.18,3.97,,AM QU39 Tray 4+EY Exp 4 Run 3 Part 2 - June 2022
QF5944,-20.84,44.05,10.28,8.42,5.23,,AM QU39 Tray 4+EY Exp 4 Run 3 Part 2 - June 2022
QF5943,-21.66,40.35,10.66,7.01,5.76,,AM QU39 Tray 4+EY Exp 4 Run 3 Part 2 - June 2022
QF5931,-23.67,44.81,9.36,6.18,7.25,,AM QU39 Tray 4+EY Exp 4 Run 3 Part 2 - June 2022
QF5929,-22.06,44.28,10.27,6.57,6.74,,AM QU39 Tray 4+EY Exp 4 Run 3 Part 2 - June 2022
QF5941,-22.36,43.83,9.48,9.32,4.7,,AM QU39 Tray 4+EY Exp 4 Run 3 Part 2 - June 2022
QF5945,-21.3,48.13,9.95,8.85,5.44,,AM QU39 Tray 5 - June 2022
QF5928,-23.95,42.67,7.88,5.64,7.56,,AM QU39 Tray 5 - June 2022
QF5501,-21.97,42.1,8.84,5.27,8,,AM QU39 Tray 5 - June 2022
QF5956,-20.26,36.45,11.07,6.24,5.84,,AM QU39 Tray 5 - June 2022
QF5958,-20.44,44.93,9.26,8.39,5.36,,AM QU39 Tray 5 - June 2022
QF5500,-22.29,43.31,9.74,7.31,5.92,,AM QU39 Tray 5 - June 2022
QF5957,-20,45.15,9.41,8.79,5.14,,AM QU39 Tray 5 - June 2022
QF5499,-21.64,37.63,9.12,7.51,5.01,,AM QU39 Tray 5 - June 2022
QF7391,-21.3,45.74,8.74,9.44,4.85,,AM QU39 Tray 5 - June 2022
QF5980,-20.65,44.19,10.09,7.9,5.59,,AM QU39 Tray 5 - June 2022
QF5474,-20.83,42.29,10.67,10.19,4.15,,AM QU39 Tray 5 - June 2022
QF7392,-21.61,44.39,9.14,8.88,5,,AM QU39 Tray 5 - June 2022
QF7419,-22.35,42.54,10.95,8.18,5.2,,AM QU39 Tray 5 - June 2022
QF7054,-20.59,43.27,9.93,8.16,5.3,,AM QU39 Tray 5 - June 2022
QF7420,-23,28.79,11.04,5.15,5.59,,AM QU39 Tray 5 - June 2022
QF7044,-22.89,45.91,9.86,7.54,6.09,,AM QU39 Tray 5 - June 2022
QF6009,-19.91,40.85,9.68,7.01,5.83,,AM QU39 Tray 5 - June 2022
QF7055,-22.11,39.34,9.64,6.31,6.24,,AM QU39 Tray 5 - June 2022
QF7394,-22.94,45.84,9.96,6.82,6.72,,AM QU39 Tray 5 - June 2022
QF7043,-20.52,44.56,10.15,8.49,5.25,,AM QU39 Tray 5 - June 2022
QF7393,-20.97,42.47,9.76,7.15,5.94,,AM QU39 Tray 5 - June 2022
QF7417,-21.66,40.09,9.94,7.89,5.08,,AM QU39 Tray 5 - June 2022
QF7395,-22.71,42.27,10.01,6.49,6.51,,AM QU39 Tray 5 - June 2022
QF7414,-22.51,44.48,10.82,8.27,5.38,,AM QU39 Tray 5 - June 2022
QF6944,-24.79,37.74,10.16,5.79,6.52,,AM QU39 Tray 5 - June 2022
QF7011,-22.24,40.36,9.94,7.93,5.09,,AM QU39 Tray 5 - June 2022
QF7413,-20.6,40.14,10.64,8.11,4.95,,AM QU39 Tray 5 - June 2022
QF7012,-23.18,42.49,9.06,8.87,4.79,,AM QU39 Tray 5 - June 2022
QF5591,-23.86,43.21,9.82,7.07,6.11,,AM QU39 Tray 5 - June 2022
QF6946,-20.16,43.81,10.37,9.31,4.7,,AM QU39 Tray 5 - June 2022
QF7458,-21.87,42.22,11.22,8.2,5.15,,AM QU39 Tray 5 - June 2022
QF7412,-21.09,38.87,10.51,6.62,5.87,,AM QU39 Tray 5 - June 2022
QF5565,-21.2,40.48,10.97,10.61,3.81,,AM QU39 Tray 5 - June 2022
QF7459,-24.28,26.3,11.03,4.9,5.37,,AM QU39 Tray 5 - June 2022
QF5417,-20.96,42.38,9.14,9.85,4.3,,AM QU39 Tray 5 - June 2022
QF5424,-22.91,47.39,8.26,8.51,5.57,,AM QU39 Tray 5 - June 2022
QF5959,-22.86,37.87,11.51,6.68,5.67,,AM QU39 Tray 5 - June 2022
QF5981,-24.68,35.63,10.14,6.33,5.63,,AM QU39 Tray 5 - June 2022
QF7447,-22.31,33.65,10.87,5.85,5.75,,AM QU39 Tray 5 - June 2022
QF7050,-18.6,33.36,12.2,6.94,4.81,,AM QU39 Tray 5 - June 2022
QF5577,-19.4,40.28,12.83,9.25,4.36,,AM QU39 Tray 5 - June 2022
QF6038-3N,-19.71,42.21,9.91,7.96,5.3,,AM QU39 Tray 5 - June 2022
QF6996,-19.2,41.32,8.87,11.23,3.68,,AM QU39 Tray 5 - June 2022
QF6036-2N,-18.31,43.99,11.47,12.41,3.54,,AM QU39 Tray 5 - June 2022
QT230,-20.62,2.26,7.53,0.5,4.51,,AM QU39 Tray 5 - June 2022
QT254,-18.13,10.11,10.49,2.5,4.04,,AM QU39 Tray 5 - June 2022
QF7041,-20.09,46.2,9.89,9.47,4.88,,AM QU39 Tray 5 - June 2022
QF7052,-21.2,42.69,9.13,8.48,5.03,,AM QU39 Tray 5 - June 2022
QF6890,-22.16,39.8,10.64,8.61,4.62,,AM QU39 Tray 5 - June 2022
QF6901,-21.78,42.41,10.31,8.07,5.25,,AM QU39 Tray 5 - June 2022
QF6904,-24.28,45.41,9.55,8.29,5.48,,AM QU39 Tray 5 - June 2022
QF6899,-22.43,40.77,9.92,7.82,5.22,,AM QU39 Tray 5 - June 2022
QF6892,-23.27,36.28,8.7,7.49,4.84,,AM QU39 Tray 5 - June 2022
QF6887,-22.44,40.59,9.95,8.25,4.92,,AM QU39 Tray 5 - June 2022
QF5783,-21.11,45.2,8.88,6.46,7,,AM QU39 Tray 5 - June 2022
QF5815,-20.85,42.15,9.46,7.1,5.94,,AM QU39 Tray 5 - June 2022
QF7039,-20.25,36.88,9.58,7.81,4.72,,AM QU39 Tray 5 - June 2022
QF2237,-21.13,44.08,9.76,8.21,5.37,,AM QU39 Tray 5 - June 2022
QF044,-20.89,47.42,10.44,9.06,5.23,,AM QU39 Tray 5 - June 2022
QF045,-22.05,43.23,11.15,6.23,6.94,,AM QU39 Tray 5 - June 2022
QF6888,-20.21,39.51,10.48,8.3,4.76,,AM QU39 Tray 5 - June 2022
QF6906,-24.92,42.38,9.54,7.85,5.4,,AM QU39 Tray 5 - June 2022
QF7469,-20.79,35.1,11.6,7.07,4.97,,AM QU39 Tray 5 - June 2022
QF5974,-20.58,37.51,11.13,7.01,5.35,,AM QU39 Tray 5 - June 2022
QF5877,-20.97,41.53,10.53,7.61,5.46,,AM QU39 Tray 5 - June 2022
QF6014,-21.2,47.48,8.83,8.86,5.36,,AM QU39 Tray 5 - June 2022
QF7431,-21.28,44.53,11.2,9.42,4.73,,AM QU39 Tray 5 - June 2022
QF7432,-21.61,37.13,11.41,7.6,4.88,,AM QU39 Tray 5 - June 2022
extra sample,-21.06,23420.12,11.55,6445.18,3.63,,AM QU39 Tray 5 - June 2022
QF5978,-20.73,46.42,9.9,8.75,5.31,,AM QU39 Tray 6 - June 2022
QF5817,-21.97,44.1,8.6,6.83,6.45,,AM QU39 Tray 6 - June 2022
QF4576,-20.91,44.54,10.25,4.96,8.97,,AM QU39 Tray 6 - June 2022
QF5813,-21.2,40.29,9.23,7.77,5.18,,AM QU39 Tray 6 - June 2022
QF4196,-20.73,39.71,9.95,8.52,4.66,,AM QU39 Tray 6 - June 2022
QF4574,-19.84,41.38,9.5,5.64,7.33,,AM QU39 Tray 6 - June 2022
QF7319,-20.99,45.47,9.64,7.29,6.23,,AM QU39 Tray 6 - June 2022
QF2803,-20.4,35.51,10.65,6.95,5.11,,AM QU39 Tray 6 - June 2022
QF7473,-22.2,44.44,10.85,8.8,5.05,,AM QU39 Tray 6 - June 2022
QF7471,-21.29,41.09,10.46,7.87,5.22,,AM QU39 Tray 6 - June 2022
QF6998,-19.64,45.29,9.69,8.73,5.19,,AM QU39 Tray 6 - June 2022
QF4578,-21.07,26.97,9.47,3.42,7.88,,AM QU39 Tray 6 - June 2022
QF5874,-21.06,43.2,9.17,6.86,6.29,,AM QU39 Tray 6 - June 2022
QF043,-20.32,40.42,10.57,5.64,7.16,,AM QU39 Tray 6 - June 2022
QT260,-19.4,41.55,10.31,7.34,5.66,,AM QU39 Tray 6 - June 2022
QF7378,-21.3,41.8,9.73,7.25,5.77,,AM QU39 Tray 6 - June 2022
QF7430,-22.6,41.31,10.99,7.09,5.82,,AM QU39 Tray 6 - June 2022
QF6012,-20.36,43.67,9.51,7.69,5.68,,AM QU39 Tray 6 - June 2022
QF7027,-20.2,47.4,10.56,8.89,5.33,,AM QU39 Tray 6 - June 2022
QF7429,-22.31,36.85,11.44,6.51,5.66,,AM QU39 Tray 6 - June 2022
QF6169,-22.64,45.67,9.87,8.48,5.38,,AM QU39 Tray 6 - June 2022
QF7380,-22.57,49.81,10.28,8.52,5.84,,AM QU39 Tray 6 - June 2022
QF6168,-20.82,43.46,10.08,8.36,5.2,,AM QU39 Tray 6 - June 2022
QF7377,-21.08,45.81,12.13,8.73,5.24,,AM QU39 Tray 6 - June 2022
QF7404,-21.47,42.94,10.83,7.51,5.72,,AM QU39 Tray 6 - June 2022
QT286,-19.46,8.64,11.54,1.98,4.35,confirm weight?,AM QU39 Tray 6 - June 2022
QF6170,-27.81,44.26,9.26,7.71,5.74,,AM QU39 Tray 6 - June 2022
QF7428,-20.24,41.19,12.02,10.7,3.85,,AM QU39 Tray 6 - June 2022
QF5551,-23.42,45.93,10.71,10.03,4.58,,AM QU39 Tray 6 - June 2022
QF7467,-20.63,42.22,11.5,10.49,4.02,,AM QU39 Tray 6 - June 2022
QF7405,-21.03,42.68,11.19,9.25,4.62,,AM QU39 Tray 6 - June 2022
QF7381,-23.47,39.49,10,5.96,6.62,,AM QU39 Tray 6 - June 2022
QF7457,-20.15,40.95,10.84,8.96,4.57,,AM QU39 Tray 6 - June 2022
QF7415,-22.93,33.67,11.69,6.28,5.36,,AM QU39 Tray 6 - June 2022
QF7013,-26.14,40.96,9.05,7.24,5.66,,AM QU39 Tray 6 - June 2022
QF7445,-21.25,35.82,10.89,7.47,4.8,,AM QU39 Tray 6 - June 2022
QF7036,-18.05,27.56,12.3,6.65,4.14,,AM QU39 Tray 6 - June 2022
QF7456,-20.87,33.69,11.19,6.21,5.43,,AM QU39 Tray 6 - June 2022
QF6947,-22.1,43.07,10.4,8.38,5.14,,AM QU39 Tray 6 - June 2022
QF5590,-20.7,47.98,11.77,10.13,4.73,,AM QU39 Tray 6 - June 2022
QF7446,-19.75,41.97,10.7,9.46,4.44,,AM QU39 Tray 6 - June 2022
QF6945,-22.79,38,10.08,6.17,6.16,,AM QU39 Tray 6 - June 2022
QF7010,-21.37,32.19,10.42,6.73,4.78,,AM QU39 Tray 6 - June 2022
QF7448,-21.71,41.52,11,8.11,5.12,,AM QU39 Tray 6 - June 2022
QF5590,-20.95,45.3,11.55,9.04,5.01,,AM QU39 Tray 6 - June 2022
QF5498,-22.71,42.54,11.24,8.22,5.17,,AM QU39 Tray 6 - June 2022
QF5556,-22.56,39.81,10.99,11.23,3.54,,AM QU39 Tray 6 - June 2022
QT269,-19.37,27.49,10.35,7.15,3.85,,AM QU39 Tray 6 - June 2022
QF7411,-21.04,42.93,13.73,8.32,5.16,,AM QU39 Tray 6 - June 2022
QF4217,-26.4,41.82,7.79,8.1,5.16,,AM QU39 Tray 6 - June 2022
QF4216,-22.06,41.03,9.56,8.73,4.7,,AM QU39 Tray 6 - June 2022
QF4146,-24.18,40.37,11.69,8.79,4.59,,AM QU39 Tray 6 - June 2022
QF3839,-21.46,41.11,11.18,7.48,5.5,,AM QU39 Tray 6 - June 2022
QF6997,-20.08,41.77,9.25,8.74,4.78,,AM QU39 Tray 6 - June 2022
QF5593,-21.01,45.28,9.18,9.88,4.58,,AM QU39 Tray 6 - June 2022
QF7051,-19.48,37.01,9.69,8.58,4.32,,AM QU39 Tray 6 - June 2022
QF7418,-21,42.52,10.86,9.26,4.59,,AM QU39 Tray 6 - June 2022
QF7488,-19.66,42.04,10.08,10.32,4.07,,AM QU39 Tray 6 - June 2022
QF7475,-25.43,32.38,9.95,6.24,5.19,,AM QU39 Tray 6 - June 2022
QF6010,-19.61,41.95,9.21,7.51,5.58,,AM QU39 Tray 6 - June 2022
QF7406,-22.64,43.69,11.2,8.14,5.37,,AM QU39 Tray 6 - June 2022
QF7379,-21.25,43.49,10.22,7.81,5.57,,AM QU39 Tray 6 - June 2022
QF7028,-21.82,45.92,9.91,9.02,5.09,,AM QU39 Tray 6 - June 2022
QF6041-2N,-22.84,42.88,9.46,7.51,5.71,,AM QU39 Tray 6 - June 2022
QF6041-3N,-23.29,46.39,9.23,7.6,6.11,,AM QU39 Tray 6 - June 2022
QF6040-2N,-21.63,46.47,9.58,8.46,5.49,,AM QU39 Tray 6 - June 2022
QF6040-3N,-21.56,38.8,9.56,7.31,5.31,,AM QU39 Tray 6 - June 2022
QF6038-2N,-19.89,36.56,10.29,6.92,5.29,,AM QU39 Tray 6 - June 2022
ZFA-411,-24.29,61.5,10.7,5.64,10.9,,AM Zoopsprint SS Zoops Tray 1 - Aug 2022
ZFA-026.1A,-19.79,40.62,7.66,9.55,4.25,,AM Zoopsprint SS Zoops Tray 1 - Aug 2022
ZFA-252.2A,-22.81,42.59,8.82,10.09,4.22,,AM Zoopsprint SS Zoops Tray 1 - Aug 2022
ZFA-252.3A,-23.04,44.53,8.9,11.19,3.98,,AM Zoopsprint SS Zoops Tray 1 - Aug 2022
ZFA-259.1A,-20.07,46.27,8.82,11.78,3.93,,AM Zoopsprint SS Zoops Tray 1 - Aug 2022
ZFA-259.2A,-23.22,43.2,8.54,9.17,4.71,,AM Zoopsprint SS Zoops Tray 1 - Aug 2022
ZFA-242.1A,-18.35,40.32,12.9,8.57,4.71,,AM Zoopsprint SS Zoops Tray 1 - Aug 2022
ZFA-096.2A,-20.81,53.98,8.89,5.83,9.26,,AM Zoopsprint SS Zoops Tray 1 - Aug 2022
ZFA-096.2A,-20.54,55.44,8.86,5.9,9.4,,AM Zoopsprint SS Zoops Tray 1 - Aug 2022
ZFA-096.2A,-20.96,51.17,8.71,5.98,8.56,,AM Zoopsprint SS Zoops Tray 1 - Aug 2022
ZFA-096.2A,-21.39,55.62,8.18,5.37,10.36,,AM Zoopsprint SS Zoops Tray 1 - Aug 2022
ZFA-096.2A,-20.07,54.33,9.06,5.27,10.31,,AM Zoopsprint SS Zoops Tray 1 - Aug 2022
ZFA-096.2A,-20.65,58.12,8.28,5.8,10.02,,AM Zoopsprint SS Zoops Tray 1 - Aug 2022
ZFA-096.2A,-20.38,56.46,8.82,5.48,10.31,,AM Zoopsprint SS Zoops Tray 1 - Aug 2022
ZFA-096.2A,-21.28,58.67,7.99,5.61,10.46,,AM Zoopsprint SS Zoops Tray 1 - Aug 2022
ZFA-122A,-20.13,12,6.44,3,3.99,,AM Zoopsprint SS Zoops Tray 1 - Aug 2022
ZFA-122A,-20.01,10.83,6.11,2.64,4.09,,AM Zoopsprint SS Zoops Tray 1 - Aug 2022
ZFA-122A,-20.4,11.08,7.18,2.84,3.91,,AM Zoopsprint SS Zoops Tray 1 - Aug 2022
ZFA-122A,-20.64,10.79,6.59,2.63,4.11,,AM Zoopsprint SS Zoops Tray 1 - Aug 2022
ZFA-110A,-18.53,13.6,11.97,3.44,3.96,,AM Zoopsprint SS Zoops Tray 1 - Aug 2022
ZFA-110A,-19.83,13.05,9.06,3.32,3.93,,AM Zoopsprint SS Zoops Tray 1 - Aug 2022
ZFA-110A,-20.26,10.53,8.09,2.7,3.9,,AM Zoopsprint SS Zoops Tray 1 - Aug 2022
ZFA-110A,-20.3,9.91,7.71,2.53,3.92,,AM Zoopsprint SS Zoops Tray 1 - Aug 2022
ZFA-401N,-20.94,30.34,9.72,7.83,3.88,,AM Zoopsprint SS Zoops Tray 1 - Aug 2022
ZFA-401N,-20.72,27.05,10.58,6.88,3.93,,AM Zoopsprint SS Zoops Tray 1 - Aug 2022
ZFA-401N,-20.83,32.58,10.32,7.95,4.1,,AM Zoopsprint SS Zoops Tray 1 - Aug 2022
ZFA-401N,-21.52,31.35,9.59,7.49,4.18,,AM Zoopsprint SS Zoops Tray 1 - Aug 2022
ZFA-401N,-20.74,34.14,10.44,8.69,3.93,,AM Zoopsprint SS Zoops Tray 1 - Aug 2022
ZFA-395N,-21.08,33.87,9.67,8.58,3.95,,AM Zoopsprint SS Zoops Tray 1 - Aug 2022
ZFA-395N,-20.72,31.52,10.07,8.26,3.81,,AM Zoopsprint SS Zoops Tray 1 - Aug 2022
ZFA-125.1,-19.89,32.6,9.21,7.9,4.12,,AM Zoopsprint SS Zoops Tray 1 - Aug 2022
ZFA-125.1rep,-19.95,31.88,8.99,7.67,4.16,,AM Zoopsprint SS Zoops Tray 1 - Aug 2022
ZFA-242.2A,-19.17,28.23,10.04,5.8,4.86,,AM Zoopsprint SS Zoops Tray 1 - Aug 2022
ZFA-242.3A,-20.44,45.99,11.92,6.72,6.84,,AM Zoopsprint SS Zoops Tray 1 - Aug 2022
ZFA-105.1A,-20.53,40.97,10.39,7.91,5.18,,AM Zoopsprint SS Zoops Tray 1 - Aug 2022
ZFA-136N,-15.36,25.29,10.35,5.17,4.89,,AM Zoopsprint SS Zoops Tray 1 - Aug 2022
ZFA-136N,-15.98,28.12,12.34,6.08,4.62,,AM Zoopsprint SS Zoops Tray 1 - Aug 2022
ZFA-096N,-20.08,59.67,9.09,6.37,9.37,,AM Zoopsprint SS Zoops Tray 1 - Aug 2022
ZFA-026.2N,-19.9,39.67,7.69,9.82,4.04,,AM Zoopsprint SS Zoops Tray 1 - Aug 2022
ZFA-026.4N,-19.74,42.19,8.15,11.21,3.77,,AM Zoopsprint SS Zoops Tray 1 - Aug 2022
ZFA-026.3N,-19.78,42.08,8.01,10.75,3.91,,AM Zoopsprint SS Zoops Tray 1 - Aug 2022
ZFA-026.1N,-19.36,44.29,8.2,11.47,3.86,,AM Zoopsprint SS Zoops Tray 1 - Aug 2022
ZFA-096N,-20.65,55.87,8.24,6.57,8.51,,AM Zoopsprint SS Zoops Tray 1 - Aug 2022
ZFA-096N,-20.23,51.26,8.88,6.53,7.85,,AM Zoopsprint SS Zoops Tray 1 - Aug 2022
ZFA-105.2A,-20.94,35.76,11.32,6.82,5.24,,AM Zoopsprint SS Zoops Tray 1 - Aug 2022
ZFA-096N,-20.99,56.88,8.73,6.16,9.24,,AM Zoopsprint SS Zoops Tray 1 - Aug 2022
ZFA-096N,-20.14,51.24,8.96,7.31,7.01,,AM Zoopsprint SS Zoops Tray 1 - Aug 2022
ZFA105.3A,-21.61,40.95,10.44,7.31,5.6,,AM Zoopsprint SS Zoops Tray 1 - Aug 2022
ZFA105.4A,-20.29,37.29,10.45,7.08,5.27,,AM Zoopsprint SS Zoops Tray 1 - Aug 2022
ZFA-122N,-16.16,22.77,7.94,4.64,4.91,,AM Zoopsprint SS Zoops Tray 1 - Aug 2022
ZFA-122N,-16.7,24.85,9.2,5.34,4.65,,AM Zoopsprint SS Zoops Tray 1 - Aug 2022
ZFA-122N,-16.32,27.39,7.91,5.68,4.83,,AM Zoopsprint SS Zoops Tray 1 - Aug 2022
ZFA-110N,-16.14,26.68,9.47,5.38,4.96,,AM Zoopsprint SS Zoops Tray 1 - Aug 2022
ZFA-028.1N,-20.15,45.75,10.16,6.8,6.73,,AM Zoopsprint SS Zoops Tray 1 - Aug 2022
ZFA-105.5A,-20.92,35.56,11.47,7.02,5.07,,AM Zoopsprint SS Zoops Tray 1 - Aug 2022
ZFA-105.6A,-21.09,37.48,10.3,6.06,6.18,,AM Zoopsprint SS Zoops Tray 1 - Aug 2022
ZFA-105.7A,-20.86,37.1,10.72,7.7,4.82,,AM Zoopsprint SS Zoops Tray 1 - Aug 2022
ZFA-105.8A,-20.62,39.76,9.89,7.16,5.55,,AM Zoopsprint SS Zoops Tray 1 - Aug 2022
ZFA-243.1A,-20.04,39.75,11.61,6.65,5.98,,AM Zoopsprint SS Zoops Tray 1 - Aug 2022
ZFA-397.1A,-18.93,28.12,10.78,5.81,4.83,,AM Zoopsprint SS Zoops Tray 1 - Aug 2022
ZFA-120A,-22.27,61.11,10.25,6.39,9.56,,AM Zoopsprint SS Zoops Tray 1 - Aug 2022
ZFA-122A,-20.87,11.28,7.19,2.91,3.88,,AM Zoopsprint SS Zoops Tray 1 - Aug 2022
ZFA-122A,-20.6,13.73,7.38,3.58,3.84,,AM Zoopsprint SS Zoops Tray 1 - Aug 2022
ZFA-320.1A,-18.99,34.83,11.63,8.46,4.12,,AM Zoopsprint SS Zoops Tray 1 - Aug 2022
ZFA-043.3A,-19.99,39.39,9.28,5.35,7.36,,AM Zoopsprint SS Zoops Tray 1 - Aug 2022
ZFA-043.2A,-19.04,33.8,10.57,6.36,5.32,,AM Zoopsprint SS Zoops Tray 1 - Aug 2022
ZFA-144.1A,-19.72,45.73,11.05,6.71,6.82,,AM Zoopsprint SS Zoops Tray 1 - Aug 2022
ZFA-201.2A,-20.09,43.13,10.74,8.43,5.11,,AM Zoopsprint SS Zoops Tray 1 - Aug 2022
ZFA-247.1,-22.93,30.75,11.5,4.19,7.34,,AM Zoopsprint SS Zoops Tray 2+ AS Small Ants - Aug 2022
ZFA-355,-22.04,15.53,11.24,3.98,3.9,,AM Zoopsprint SS Zoops Tray 2+ AS Small Ants - Aug 2022
ZFA-157,-22.7,61.53,11.3,6.2,9.92,,AM Zoopsprint SS Zoops Tray 2+ AS Small Ants - Aug 2022
ZFA-157,-22.79,58.67,9.93,5.94,9.87,,AM Zoopsprint SS Zoops Tray 2+ AS Small Ants - Aug 2022
ZFA-157,-22.99,60.02,10.04,6.21,9.66,,AM Zoopsprint SS Zoops Tray 2+ AS Small Ants - Aug 2022
ZFA-189,-21.43,59.24,7.98,6.13,9.66,,AM Zoopsprint SS Zoops Tray 2+ AS Small Ants - Aug 2022
ZFA-189,-20.29,55.4,8.39,6.38,8.69,,AM Zoopsprint SS Zoops Tray 2+ AS Small Ants - Aug 2022
ZFA-189,-20.59,51.55,8.66,7.96,6.48,,AM Zoopsprint SS Zoops Tray 2+ AS Small Ants - Aug 2022
ZFA-189,-20.8,54.81,9.2,6.7,8.19,,AM Zoopsprint SS Zoops Tray 2+ AS Small Ants - Aug 2022
ZFA-189,-21.12,59.77,8.93,6.03,9.92,,AM Zoopsprint SS Zoops Tray 2+ AS Small Ants - Aug 2022
ZFA-189,-20.88,57.57,9.46,6.42,8.97,,AM Zoopsprint SS Zoops Tray 2+ AS Small Ants - Aug 2022
ZFA-189,-20.86,56.94,8.24,6.12,9.31,,AM Zoopsprint SS Zoops Tray 2+ AS Small Ants - Aug 2022
ZFA-189,-21.81,60.29,8.85,6.13,9.84,,AM Zoopsprint SS Zoops Tray 2+ AS Small Ants - Aug 2022
ZFA-229,-21.4,54.85,9.26,6.46,8.48,,AM Zoopsprint SS Zoops Tray 2+ AS Small Ants - Aug 2022
ZFA-229,-20.89,57.53,8.53,6.08,9.46,,AM Zoopsprint SS Zoops Tray 2+ AS Small Ants - Aug 2022
ZFA-229,-22.78,45.39,8.9,8.67,5.24,,AM Zoopsprint SS Zoops Tray 2+ AS Small Ants - Aug 2022
ZFA-229,-22.96,42.62,8.64,9.64,4.42,,AM Zoopsprint SS Zoops Tray 2+ AS Small Ants - Aug 2022
ZFA-229,-23.79,47.51,8.75,7.71,6.16,,AM Zoopsprint SS Zoops Tray 2+ AS Small Ants - Aug 2022
ZFA-229,-24.39,48.64,9.33,8.53,5.7,,AM Zoopsprint SS Zoops Tray 2+ AS Small Ants - Aug 2022
ZFA-229,-23.71,49.45,9.25,7.14,6.92,,AM Zoopsprint SS Zoops Tray 2+ AS Small Ants - Aug 2022
ZFA-229,-24.16,47.16,9.05,8.3,5.69,,AM Zoopsprint SS Zoops Tray 2+ AS Small Ants - Aug 2022
ZFA-289,-20.08,58.7,8.63,6.64,8.84,,AM Zoopsprint SS Zoops Tray 2+ AS Small Ants - Aug 2022
ZFA-289,-20.03,54.24,7.83,6.59,8.23,,AM Zoopsprint SS Zoops Tray 2+ AS Small Ants - Aug 2022
ZFA-289,-20.51,55.06,8.79,6.1,9.02,,AM Zoopsprint SS Zoops Tray 2+ AS Small Ants - Aug 2022
ZFA-289,-20.68,52.44,8.15,6.57,7.98,,AM Zoopsprint SS Zoops Tray 2+ AS Small Ants - Aug 2022
ZFA-289,-20.24,52.85,8.68,6.4,8.25,,AM Zoopsprint SS Zoops Tray 2+ AS Small Ants - Aug 2022
ZFA-289,-20.72,55.43,9.19,6.58,8.42,,AM Zoopsprint SS Zoops Tray 2+ AS Small Ants - Aug 2022
ZFA-289,-20.62,57.13,8.04,7.13,8.01,,AM Zoopsprint SS Zoops Tray 2+ AS Small Ants - Aug 2022
ZFA-289,-20.19,57.5,9.45,6.25,9.2,,AM Zoopsprint SS Zoops Tray 2+ AS Small Ants - Aug 2022
ZFA-247.3,-22.58,28.59,11.89,4.49,6.37,,AM Zoopsprint SS Zoops Tray 2+ AS Small Ants - Aug 2022
ZFA-247.4,-24.35,33.3,12.27,6.82,4.88,,AM Zoopsprint SS Zoops Tray 2+ AS Small Ants - Aug 2022
ZFA-368,-18.87,25.92,9.85,7.89,3.28,,AM Zoopsprint SS Zoops Tray 2+ AS Small Ants - Aug 2022
ZFA-154.2A,-19.98,31.92,11.41,6.89,4.63,,AM Zoopsprint SS Zoops Tray 2+ AS Small Ants - Aug 2022
ZFA-202A,-19.49,30.66,10.98,6.94,4.42,,AM Zoopsprint SS Zoops Tray 2+ AS Small Ants - Aug 2022
ZFA-058A,-19.62,31.67,10.86,6.9,4.59,,AM Zoopsprint SS Zoops Tray 2+ AS Small Ants - Aug 2022
ZFA-056A,-20.36,33.4,10.29,7.79,4.29,,AM Zoopsprint SS Zoops Tray 2+ AS Small Ants - Aug 2022
ZFA-201.4A,-21.14,46.21,11.61,9.19,5.03,,AM Zoopsprint SS Zoops Tray 2+ AS Small Ants - Aug 2022
ZFA-396,-20.72,36.03,10.79,9.41,3.83,,AM Zoopsprint SS Zoops Tray 2+ AS Small Ants - Aug 2022
ZFA-159,-20.62,49.74,10.8,8.43,5.9,,AM Zoopsprint SS Zoops Tray 2+ AS Small Ants - Aug 2022
ZFA-159,-20.52,42.69,11.12,8.83,4.83,,AM Zoopsprint SS Zoops Tray 2+ AS Small Ants - Aug 2022
ZFA-159,-20.05,44.21,10.93,7.77,5.69,,AM Zoopsprint SS Zoops Tray 2+ AS Small Ants - Aug 2022
ZFA-159,-18.96,37.23,10.84,8.9,4.19,,AM Zoopsprint SS Zoops Tray 2+ AS Small Ants - Aug 2022
ZFA-159,-20.42,40.96,10.86,7.91,5.18,,AM Zoopsprint SS Zoops Tray 2+ AS Small Ants - Aug 2022
ZFA-159,-20.04,33.02,11.03,8.79,3.76,,AM Zoopsprint SS Zoops Tray 2+ AS Small Ants - Aug 2022
ZFA-159,-20.63,39.1,11.32,8.77,4.46,,AM Zoopsprint SS Zoops Tray 2+ AS Small Ants - Aug 2022
ZFA-159,-20.7,51.77,9.8,5.83,8.88,,AM Zoopsprint SS Zoops Tray 2+ AS Small Ants - Aug 2022
ZFA-288,-20.04,35.46,10.5,7.48,4.74,,AM Zoopsprint SS Zoops Tray 2+ AS Small Ants - Aug 2022
ZFA-288,-18.15,14.59,14.48,6.24,2.34,,AM Zoopsprint SS Zoops Tray 2+ AS Small Ants - Aug 2022
ZFA-288,-19.03,28.57,11.01,7.94,3.6,,AM Zoopsprint SS Zoops Tray 2+ AS Small Ants - Aug 2022
ZFA-288,-20.13,40.25,11.66,6.59,6.11,,AM Zoopsprint SS Zoops Tray 2+ AS Small Ants - Aug 2022
ZFA-174,-18.38,43.55,8.03,10.64,4.09,,AM Zoopsprint SS Zoops Tray 4 - Nov 2022
ZFA-043.1,-19.25,39.29,10.78,6.64,5.92,,AM Zoopsprint SS Zoops Tray 4 - Nov 2022
ZFA-043.2,-17.56,28.89,10.05,5.5,5.25,,AM Zoopsprint SS Zoops Tray 4 - Nov 2022
ZFA-043.3,-19.19,39.81,10.3,5.87,6.78,,AM Zoopsprint SS Zoops Tray 4 - Nov 2022
ZFA-043.4,-19,38.35,11.47,6.2,6.18,,AM Zoopsprint SS Zoops Tray 4 - Nov 2022
ZFA-043.5,-19.38,41.6,10.31,5.66,7.36,,AM Zoopsprint SS Zoops Tray 4 - Nov 2022
ZFA-048.1,-18.42,36.9,10.24,5.99,6.16,,AM Zoopsprint SS Zoops Tray 4 - Nov 2022
ZFA-048.2,-19.9,41.34,10,5.68,7.27,,AM Zoopsprint SS Zoops Tray 4 - Nov 2022
ZFA-048.3,-18.44,33.14,10.83,5.83,5.69,,AM Zoopsprint SS Zoops Tray 4 - Nov 2022
ZFA-142.1,-18.81,38.9,9.86,5.64,6.89,,AM Zoopsprint SS Zoops Tray 4 - Nov 2022
ZFA-143.1,-18.87,34.11,10.07,5.06,6.73,,AM Zoopsprint SS Zoops Tray 4 - Nov 2022
ZFA-143.2,-19.21,43.05,10.75,6.06,7.1,,AM Zoopsprint SS Zoops Tray 4 - Nov 2022
ZFA-143.3,-18.89,37.98,10.65,5.86,6.48,,AM Zoopsprint SS Zoops Tray 4 - Nov 2022
ZFA-144.1,-19.33,40.98,10.18,5.58,7.35,,AM Zoopsprint SS Zoops Tray 4 - Nov 2022
ZFA-144.2,-18.87,39.91,10.7,6.07,6.57,,AM Zoopsprint SS Zoops Tray 4 - Nov 2022
ZFA-144.3,-18.97,39.91,10.38,5.95,6.71,,AM Zoopsprint SS Zoops Tray 4 - Nov 2022
ZFA-144.4,-19.61,40.93,10.76,5.94,6.89,,AM Zoopsprint SS Zoops Tray 4 - Nov 2022
ZFA-242.1,-18.21,37.68,13.88,7.61,4.95,,AM Zoopsprint SS Zoops Tray 4 - Nov 2022
ZFA-242.2,-18.3,28.97,11.37,6.11,4.74,,AM Zoopsprint SS Zoops Tray 4 - Nov 2022
ZFA-242.3,-20.04,41.35,13.2,6.62,6.25,,AM Zoopsprint SS Zoops Tray 4 - Nov 2022
ZFA-243.1,-20.08,43.48,13.05,7.05,6.17,,AM Zoopsprint SS Zoops Tray 4 - Nov 2022
ZFA-243.2,-20.42,35.21,11.39,6.02,5.85,,AM Zoopsprint SS Zoops Tray 4 - Nov 2022
ZFA-243.3,-19.58,33.33,11.58,7.56,4.41,,AM Zoopsprint SS Zoops Tray 4 - Nov 2022
ZFA-243.4,-19.33,29.55,11.64,6.27,4.71,,AM Zoopsprint SS Zoops Tray 4 - Nov 2022
ZFA-397.1,-18.94,28.91,11.53,6.14,4.71,,AM Zoopsprint SS Zoops Tray 4 - Nov 2022
ZFA-397.2,-19.25,29.27,12.21,4.83,6.06,,AM Zoopsprint SS Zoops Tray 4 - Nov 2022
ZFA-397.3,-20.08,33.27,12.07,6.37,5.22,,AM Zoopsprint SS Zoops Tray 4 - Nov 2022
ZFA-397.4,-21.98,37.57,11.59,4.95,7.58,,AM Zoopsprint SS Zoops Tray 4 - Nov 2022
ZFA-320.1,-18.93,36.6,12.89,9.35,3.92,,AM Zoopsprint SS Zoops Tray 4 - Nov 2022
ZFA-320.2,-21.51,37.88,11.33,5.84,6.49,,AM Zoopsprint SS Zoops Tray 4 - Nov 2022
ZFA-320.3,-19.62,30.58,11.59,4.99,6.13,,AM Zoopsprint SS Zoops Tray 4 - Nov 2022
ZFA-320.4,-19.62,33.93,12.09,6.92,4.91,,AM Zoopsprint SS Zoops Tray 4 - Nov 2022
ZFA-264.1,-21.83,40.96,13.23,8.84,4.63,,AM Zoopsprint SS Zoops Tray 4 - Nov 2022
ZFA-264.2,-22.57,37.19,12.76,7.45,4.99,,AM Zoopsprint SS Zoops Tray 4 - Nov 2022
ZFA-264.3,-22.83,40.27,13.63,7.82,5.15,,AM Zoopsprint SS Zoops Tray 4 - Nov 2022
ZFA-264.4,-20.72,35.73,12.73,8.51,4.2,,AM Zoopsprint SS Zoops Tray 4 - Nov 2022
ZFA-385.1,-19.87,30.05,10.09,6.64,4.52,,AM Zoopsprint SS Zoops Tray 4 - Nov 2022
ZFA-385.2,-19.97,31.13,10.79,7.12,4.37,,AM Zoopsprint SS Zoops Tray 4 - Nov 2022
ZFA-385.3,-20.18,33.94,9.72,7.29,4.66,,AM Zoopsprint SS Zoops Tray 4 - Nov 2022
ZFA-385.4,-20.01,30.12,10.61,6.62,4.55,,AM Zoopsprint SS Zoops Tray 4 - Nov 2022
ZFA-385.5,-20.87,36.21,9.83,7.34,4.93,,AM Zoopsprint SS Zoops Tray 4 - Nov 2022
ZFA-252.1,-22.51,42.49,9.44,10.37,4.1,,AM Zoopsprint SS Zoops Tray 4 - Nov 2022
ZFA-252.2,-22.75,37.75,9.23,8.54,4.42,,AM Zoopsprint SS Zoops Tray 4 - Nov 2022
ZFA-252.3,-22.97,37.83,9.39,9.01,4.2,,AM Zoopsprint SS Zoops Tray 4 - Nov 2022
ZFA-252.4,-24.43,38.29,8.41,7.77,4.93,,AM Zoopsprint SS Zoops Tray 4 - Nov 2022
ZFA-245.1,-18.61,34.85,12.69,7.53,4.63,,AM Zoopsprint SS Zoops Tray 4 - Nov 2022
ZFA-073.1,-19.9,40.8,9.12,9.64,4.23,,AM Zoopsprint SS Zoops Tray 4 - Nov 2022
ZFA-073.2,-20.06,42.49,9.02,9.93,4.28,,AM Zoopsprint SS Zoops Tray 4 - Nov 2022
ZFA-073.3,-20.53,43.41,8.55,9.84,4.41,,AM Zoopsprint SS Zoops Tray 4 - Nov 2022
ZFA-073.4,-21.17,42.9,8.33,8.16,5.26,,AM Zoopsprint SS Zoops Tray 4 - Nov 2022
ZFA-073.5,-20.29,42.45,8.96,10.05,4.22,,AM Zoopsprint SS Zoops Tray 4 - Nov 2022
ZFA-072.1,-20.59,40.78,9.05,8.59,4.75,,AM Zoopsprint SS Zoops Tray 4 - Nov 2022
ZFA-072.2,-20.11,42.49,8.78,10.14,4.19,,AM Zoopsprint SS Zoops Tray 4 - Nov 2022
ZFA-072.3,-21.63,49.13,8.9,9.06,5.42,,AM Zoopsprint SS Zoops Tray 4 - Nov 2022
ZFA-307,-18.33,20.55,15.27,6.89,2.98,,AM Zoopsprint SS Zoops Tray 4 - Nov 2022
ZFA-307,-20.88,38.92,11.05,7.2,5.41,,AM Zoopsprint SS Zoops Tray 4 - Nov 2022
ZFA-307,-19.92,37.03,12.03,6.25,5.92,,AM Zoopsprint SS Zoops Tray 4 - Nov 2022
ZFA-307,-19.63,36.47,12.29,7.74,4.71,,AM Zoopsprint SS Zoops Tray 4 - Nov 2022
ZFA-330,-20.48,33.97,10.46,8.23,4.13,,AM Zoopsprint SS Zoops Tray 4 - Nov 2022
ZFA-330,-20.48,35.13,10.06,7.92,4.44,,AM Zoopsprint SS Zoops Tray 4 - Nov 2022
ZFA-330,-19.76,34.98,9.92,8.48,4.12,,AM Zoopsprint SS Zoops Tray 4 - Nov 2022
ZFA-330,-20.05,32.01,10.25,8.17,3.92,,AM Zoopsprint SS Zoops Tray 4 - Nov 2022
ZFA-330,-19.83,33.95,9.89,7.79,4.36,,AM Zoopsprint SS Zoops Tray 4 - Nov 2022
ZFA-330,-20.4,34.76,9.56,8.49,4.09,,AM Zoopsprint SS Zoops Tray 4 - Nov 2022
ZFA-330,-20.93,37.94,10.09,7.85,4.83,,AM Zoopsprint SS Zoops Tray 4 - Nov 2022
ZFA-330,-20.25,32.65,9.92,8.27,3.95,,AM Zoopsprint SS Zoops Tray 4 - Nov 2022
ZFA-136,-15.76,25.24,8.21,5.05,5,,AM Zoopsprint SS Zoops Tray 4 - Nov 2022
ZFA-136,-15.57,23.92,8.07,4.84,4.94,,AM Zoopsprint SS Zoops Tray 4 - Nov 2022
ZFA-053,-19.62,35.83,10.24,7.72,4.64,,AM Zoopsprint SS Zoops Tray 5 - Nov 2022
ZFA-053,-18.14,32.95,11.98,7.76,4.25,,AM Zoopsprint SS Zoops Tray 5 - Nov 2022
ZFA-053,-20.38,37.44,10.59,8.26,4.53,,AM Zoopsprint SS Zoops Tray 5 - Nov 2022
ZFA-053,-19.87,40.46,10.62,7.02,5.76,,AM Zoopsprint SS Zoops Tray 5 - Nov 2022
ZFA-053,-19.6,42.01,11.88,8.49,4.95,,AM Zoopsprint SS Zoops Tray 5 - Nov 2022
ZFA-053,-18.65,35.94,11.75,7.9,4.55,,AM Zoopsprint SS Zoops Tray 5 - Nov 2022
ZFA-053,-19.46,38.93,11.05,7.62,5.11,,AM Zoopsprint SS Zoops Tray 5 - Nov 2022
ZFA-053,-19.67,38.87,11.48,8.04,4.83,,AM Zoopsprint SS Zoops Tray 5 - Nov 2022
ZFA-201.1,-19.72,42.36,11.91,8.57,4.94,,AM Zoopsprint SS Zoops Tray 5 - Nov 2022
ZFA-201.2,-19.12,40.27,12.53,9.57,4.21,,AM Zoopsprint SS Zoops Tray 5 - Nov 2022
ZFA-201.3,-20.15,38.33,11.98,7.6,5.04,,AM Zoopsprint SS Zoops Tray 5 - Nov 2022
ZFA-201.4,-18.91,30.43,11.03,7.01,4.34,,AM Zoopsprint SS Zoops Tray 5 - Nov 2022
ZFA-358,-20.22,40.05,9.43,8.78,4.56,,AM Zoopsprint SS Zoops Tray 5 - Nov 2022
ZFA-358,-21.27,42.68,10.04,7.99,5.34,,AM Zoopsprint SS Zoops Tray 5 - Nov 2022
ZFA-406,-20.01,35.95,11.03,7.55,4.76,,AM Zoopsprint SS Zoops Tray 5 - Nov 2022
ZFA-026.9,-20.1,42.31,7.99,9.01,4.7,,AM Zoopsprint SS Zoops Tray 5 - Nov 2022
ZFA-026.10,-19.12,45.09,9.02,12.14,3.71,,AM Zoopsprint SS Zoops Tray 5 - Nov 2022
ZFA-026.11,-18.95,43.26,8.24,11.05,3.91,,AM Zoopsprint SS Zoops Tray 5 - Nov 2022
ZFA-026.12,-20.09,40.09,8.86,9.13,4.39,,AM Zoopsprint SS Zoops Tray 5 - Nov 2022
ZFA-272.1,-21.71,37.77,9.16,9.3,4.06,,AM Zoopsprint SS Zoops Tray 5 - Nov 2022
ZFA-272.2,-23.25,40.62,9.84,9.59,4.24,,AM Zoopsprint SS Zoops Tray 5 - Nov 2022
ZFA-272.3,-24.03,43.94,9.71,9.98,4.4,,AM Zoopsprint SS Zoops Tray 5 - Nov 2022
ZFA-272.4,-22.7,40.13,9.78,10.65,3.77,,AM Zoopsprint SS Zoops Tray 5 - Nov 2022
ZFA-252A,-23.33,36.49,9.8,9.03,4.04,,AM Zoopsprint SS Zoops Tray 5 - Nov 2022
ZFA-264.1A,-21.71,36.51,13.28,8.58,4.26,,AM Zoopsprint SS Zoops Tray 5 - Nov 2022
ZFA-264.2A,-22.56,35.34,12.3,7.5,4.71,,AM Zoopsprint SS Zoops Tray 5 - Nov 2022
ZFA-264.3A,-21.8,30.49,13.38,7.14,4.27,,AM Zoopsprint SS Zoops Tray 5 - Nov 2022
ZFA-264.4A,-21.47,32.29,12.77,7.56,4.27,,AM Zoopsprint SS Zoops Tray 5 - Nov 2022
ZFA-264.5A,-20.67,31.4,9.65,6.87,4.57,,AM Zoopsprint SS Zoops Tray 5 - Nov 2022
ZFA-156,-18.39,28.32,8.13,5.72,4.95,,AM Zoopsprint SS Zoops Tray 5 - Nov 2022
ZFA-156,-15.53,24.42,8.33,4.66,5.24,,AM Zoopsprint SS Zoops Tray 5 - Nov 2022
ZFA-156,-15.8,27.57,8.53,5.35,5.15,,AM Zoopsprint SS Zoops Tray 5 - Nov 2022
ZFA-163,-15.52,27.95,13.55,5.38,5.2,,AM Zoopsprint SS Zoops Tray 5 - Nov 2022
ZFA-163,-15.31,22.28,8.07,4.21,5.3,,AM Zoopsprint SS Zoops Tray 5 - Nov 2022
ZFA-163,-15.74,27.57,9.4,5.46,5.05,,AM Zoopsprint SS Zoops Tray 5 - Nov 2022
ZFA-163,-16.31,26.04,7.87,5.41,4.81,,AM Zoopsprint SS Zoops Tray 5 - Nov 2022
ZFA-163,-16.66,28.83,8,5.67,5.08,,AM Zoopsprint SS Zoops Tray 5 - Nov 2022
ZFA-258,-17.43,27.45,12.65,4.47,6.14,,AM Zoopsprint SS Zoops Tray 5 - Nov 2022
ZFA-258,-17.44,25.05,13.62,4.36,5.75,,AM Zoopsprint SS Zoops Tray 5 - Nov 2022
ZFA-258,-16.92,23.63,12.73,3.78,6.26,,AM Zoopsprint SS Zoops Tray 5 - Nov 2022
ZFA-258,-17.56,23.32,13.39,3.78,6.17,,AM Zoopsprint SS Zoops Tray 5 - Nov 2022
ZFA-400,-15,22.19,5.77,3.78,5.86,,AM Zoopsprint SS Zoops Tray 5 - Nov 2022
ZFA-400,-15,21.68,8.11,3.74,5.79,,AM Zoopsprint SS Zoops Tray 5 - Nov 2022
ZFA-400,-15.57,23.71,5.64,4.25,5.58,,AM Zoopsprint SS Zoops Tray 5 - Nov 2022
ZFA-056,-19.9,36.18,12.13,8.2,4.41,,AM Zoopsprint SS Zoops Tray 5 - Nov 2022
ZFA-056,-21.2,45.6,11.68,8.23,5.54,,AM Zoopsprint SS Zoops Tray 5 - Nov 2022
ZFA-056,-20.92,41.27,10.71,8.17,5.05,,AM Zoopsprint SS Zoops Tray 5 - Nov 2022
ZFA-058,-19.17,37.98,13.25,7.83,4.85,,AM Zoopsprint SS Zoops Tray 5 - Nov 2022
ZFA-058,-18.76,35.05,12.67,8.33,4.21,,AM Zoopsprint SS Zoops Tray 5 - Nov 2022
ZFA-058,-19.15,37.99,12.37,8.18,4.65,,AM Zoopsprint SS Zoops Tray 5 - Nov 2022
ZFA-154.1,-20.65,44.56,12.86,8.15,5.47,,AM Zoopsprint SS Zoops Tray 5 - Nov 2022
ZFA-154.2,-20,40.07,12.1,8.4,4.77,,AM Zoopsprint SS Zoops Tray 5 - Nov 2022
ZFA-154.3,-19.8,42.82,13.63,8.73,4.9,,AM Zoopsprint SS Zoops Tray 5 - Nov 2022
ZFA-202,-19.97,40.78,11.59,7.73,5.27,,AM Zoopsprint SS Zoops Tray 5 - Nov 2022
ZFA-166,-20.11,34.84,10.5,7.78,4.48,,AM Zoopsprint SS Zoops Tray 5 - Nov 2022
ZFA-327,-22.3,23.96,12.18,5.66,4.24,,AM Zoopsprint SS Zoops Tray 5 - Nov 2022
ZFA-367,-21.66,27.81,10.47,6.28,4.43,,AM Zoopsprint SS Zoops Tray 5 - Nov 2022
ZFA-407,-21.47,17.29,11.39,3.6,4.8,,AM Zoopsprint SS Zoops Tray 5 - Nov 2022
ZFA-090,-19.76,29.33,13.51,6.03,4.87,,AM Zoopsprint SS Zoops Tray 5 - Nov 2022
ZFA-090,-20.25,60.62,13.45,11.86,5.11,,AM Zoopsprint SS Zoops Tray 5 - Nov 2022
ZFA-174A,-18.47,45.45,9.13,12,3.79,,AM Zoopsprint SS Zoops Tray 5 - Nov 2022
ZFA-252.1A,-23.09,42.93,10.06,9.61,4.47,,AM Zoopsprint SS Zoops Tray 5 - Nov 2022
NL 1,-9.06,45.06,4,12.19,3.7,,Palau Samples Tray 1 + QU39 Tray 7 - Dec 2022
NL 2,-11.78,79.29,4.76,21.24,3.73,,Palau Samples Tray 1 + QU39 Tray 7 - Dec 2022
NL 3,-11.39,50.7,5.42,11.03,4.6,,Palau Samples Tray 1 + QU39 Tray 7 - Dec 2022
LG 1,-13.13,46.65,10.3,12.47,3.74,,Palau Samples Tray 1 + QU39 Tray 7 - Dec 2022
LG 2,-10.94,17.48,7.49,4.58,3.82,,Palau Samples Tray 1 + QU39 Tray 7 - Dec 2022
LG 3,-16.36,54,9.46,10.56,5.12,,Palau Samples Tray 1 + QU39 Tray 7 - Dec 2022
LB 1,-12.53,32.63,9.17,10.4,3.14,,Palau Samples Tray 1 + QU39 Tray 7 - Dec 2022
LB 2,-14.13,44.37,10.58,13.68,3.24,,Palau Samples Tray 1 + QU39 Tray 7 - Dec 2022
LB 3,-13.43,45.63,9.86,14.71,3.1,,Palau Samples Tray 1 + QU39 Tray 7 - Dec 2022
HL 1,-11.82,46.98,6.17,14.91,3.15,,Palau Samples Tray 1 + QU39 Tray 7 - Dec 2022
HL 2,-11.99,44.94,5.73,14.37,3.13,,Palau Samples Tray 1 + QU39 Tray 7 - Dec 2022
HL 3,-10.84,44.9,5.67,14.7,3.05,,Palau Samples Tray 1 + QU39 Tray 7 - Dec 2022
NU 1,-9.71,45.94,5.04,13.46,3.41,,Palau Samples Tray 1 + QU39 Tray 7 - Dec 2022
NU 2,-9.89,45.73,4.94,12.78,3.58,,Palau Samples Tray 1 + QU39 Tray 7 - Dec 2022
NU 3,-10.99,40.85,4.99,11.71,3.49,,Palau Samples Tray 1 + QU39 Tray 7 - Dec 2022
PA 1,-11.38,45.08,8.41,14.4,3.13,,Palau Samples Tray 1 + QU39 Tray 7 - Dec 2022
PA 2,-11.76,46.3,8.96,14.8,3.13,,Palau Samples Tray 1 + QU39 Tray 7 - Dec 2022
PA 3,-13.38,46.04,9.27,14.5,3.18,,Palau Samples Tray 1 + QU39 Tray 7 - Dec 2022
AN 1,-12.58,45.78,6.95,14.39,3.18,,Palau Samples Tray 1 + QU39 Tray 7 - Dec 2022
AN 2,-12.21,45.85,6.99,14.45,3.17,,Palau Samples Tray 1 + QU39 Tray 7 - Dec 2022
AN 3,-13.63,45.4,6.85,14.09,3.22,,Palau Samples Tray 1 + QU39 Tray 7 - Dec 2022
SR 1,-8.04,45.36,6.88,14.33,3.17,,Palau Samples Tray 1 + QU39 Tray 7 - Dec 2022
SR 2,-9.17,43.91,7.48,14.15,3.1,,Palau Samples Tray 1 + QU39 Tray 7 - Dec 2022
SR 3,-8.67,44.93,7.15,14.29,3.14,,Palau Samples Tray 1 + QU39 Tray 7 - Dec 2022
PB 1,-9.51,47.43,7.92,14.34,3.31,,Palau Samples Tray 1 + QU39 Tray 7 - Dec 2022
PB 2,-9.36,45.69,6.69,15.99,2.86,,Palau Samples Tray 1 + QU39 Tray 7 - Dec 2022
PB 3,-9.2,44.31,7.84,14.36,3.09,,Palau Samples Tray 1 + QU39 Tray 7 - Dec 2022
TA 1,-17.32,48.16,10.89,15.52,3.1,,Palau Samples Tray 1 + QU39 Tray 7 - Dec 2022
TA 2,-17.16,45.3,10.49,14.52,3.12,,Palau Samples Tray 1 + QU39 Tray 7 - Dec 2022
TA 3,-17.03,45.6,11.07,14.59,3.13,,Palau Samples Tray 1 + QU39 Tray 7 - Dec 2022
TO 1,-17.34,42.87,12.22,13.93,3.08,,Palau Samples Tray 1 + QU39 Tray 7 - Dec 2022
TO 2,-17.76,46.9,12,14.93,3.14,,Palau Samples Tray 1 + QU39 Tray 7 - Dec 2022
TO 3,-17.09,46.44,12.68,15.35,3.02,,Palau Samples Tray 1 + QU39 Tray 7 - Dec 2022
CH 1,-17.18,43.97,11.14,14.17,3.1,,Palau Samples Tray 1 + QU39 Tray 7 - Dec 2022
CH 2,-17.19,46.23,10.37,15.93,2.9,,Palau Samples Tray 1 + QU39 Tray 7 - Dec 2022
AS 1,-13.5,47.13,9.16,14.19,3.32,,Palau Samples Tray 1 + QU39 Tray 7 - Dec 2022
AS 2,-16.58,45.28,10.89,14.29,3.17,,Palau Samples Tray 1 + QU39 Tray 7 - Dec 2022
XG 1,-17.57,45.32,12.05,13.52,3.35,,Palau Samples Tray 1 + QU39 Tray 7 - Dec 2022
XG 2,-17.3,46.26,12.38,14.15,3.27,,Palau Samples Tray 1 + QU39 Tray 7 - Dec 2022
XG 3,-17.29,41.68,12.06,13.22,3.15,,Palau Samples Tray 1 + QU39 Tray 7 - Dec 2022
LO 1,-16.58,48.12,10.53,15.45,3.11,,Palau Samples Tray 1 + QU39 Tray 7 - Dec 2022
QF7482,-20.01,44.83,7.88,7.5,5.97,,Palau Samples Tray 1 + QU39 Tray 7 - Dec 2022
QF8210,-21.85,36.93,8.54,6.68,5.53,,Palau Samples Tray 1 + QU39 Tray 7 - Dec 2022
QF8116,-21.23,43.58,9.68,8.65,5.04,,Palau Samples Tray 1 + QU39 Tray 7 - Dec 2022
QF8108,-20.99,46.86,8.04,7.3,6.42,,Palau Samples Tray 1 + QU39 Tray 7 - Dec 2022
QF7535,-21.78,49.17,9.28,7.52,6.54,,Palau Samples Tray 1 + QU39 Tray 7 - Dec 2022
QF7554,-20.59,40.39,9.23,6.79,5.95,,Palau Samples Tray 1 + QU39 Tray 7 - Dec 2022
QF7529,-21.1,45.2,9.15,7.25,6.24,,Palau Samples Tray 1 + QU39 Tray 7 - Dec 2022
QF7522,-21.51,46.75,8.65,7.65,6.11,,Palau Samples Tray 1 + QU39 Tray 7 - Dec 2022
QF5679,-22.89,41.99,10.7,7.87,5.34,,Palau Samples Tray 1 + QU39 Tray 7 - Dec 2022
QF7544,-21.2,42.1,10.27,6.2,6.79,,Palau Samples Tray 1 + QU39 Tray 7 - Dec 2022
QF8166,-22.42,42.82,12.12,8.14,5.26,,Palau Samples Tray 1 + QU39 Tray 7 - Dec 2022
QF8201,-23.31,44.8,7.17,6.86,6.53,,Palau Samples Tray 1 + QU39 Tray 7 - Dec 2022
QF8144,-23.5,43.51,9.94,7.48,5.82,,Palau Samples Tray 1 + QU39 Tray 7 - Dec 2022
QF8172,-21.94,38.21,12.68,7.45,5.13,,Palau Samples Tray 1 + QU39 Tray 7 - Dec 2022
CF11161,-19.32,35.5,10.45,6.71,5.29,,AM CF Samples Tray 1 - Nov 2022
CF11148,-19.72,47.29,8.67,8.79,5.38,,AM CF Samples Tray 1 - Nov 2022
CF11143,-19.53,41.08,10.36,6.54,6.28,,AM CF Samples Tray 1 - Nov 2022
CF11274,-20,47.25,10.64,9.96,4.74,,AM CF Samples Tray 1 - Nov 2022
CF11164,-22.27,51.97,8.77,7.81,6.65,,AM CF Samples Tray 1 - Nov 2022
CF11162,-20.27,42.8,9.54,8.25,5.19,,AM CF Samples Tray 1 - Nov 2022
CF11145,-19.47,50.53,9.09,9.95,5.08,,AM CF Samples Tray 1 - Nov 2022
CF11180,-21.06,45.83,9.71,9.01,5.09,,AM CF Samples Tray 1 - Nov 2022
CF11184,-21.39,47.93,9.46,8.93,5.37,,AM CF Samples Tray 1 - Nov 2022
CF11223,-19.42,45.57,10.82,7.56,6.03,,AM CF Samples Tray 1 - Nov 2022
CF11188,-21.43,45.94,8,7.91,5.81,,AM CF Samples Tray 1 - Nov 2022
CF11179,-19.97,41.25,10.98,8.26,4.99,,AM CF Samples Tray 1 - Nov 2022
CF11151,-19.25,39.71,8.87,7.32,5.43,,AM CF Samples Tray 1 - Nov 2022
CF11261,-20.9,49.04,10.31,9,5.45,,AM CF Samples Tray 1 - Nov 2022
CF11134,-21.26,43.07,8.94,9.28,4.64,,AM CF Samples Tray 1 - Nov 2022
CF11225,-20.32,44.47,9.99,8.16,5.45,,AM CF Samples Tray 1 - Nov 2022
CF11219,-20.35,45.56,10.13,8.31,5.48,,AM CF Samples Tray 1 - Nov 2022
CF11224,-20.13,46.14,10.24,8.41,5.49,,AM CF Samples Tray 1 - Nov 2022
CF11132,-19.76,38.58,11.97,7.32,5.27,,AM CF Samples Tray 1 - Nov 2022
CF11262,-20.2,47.8,10.4,9.08,5.26,,AM CF Samples Tray 1 - Nov 2022
CF11221,-19.57,43.45,8.8,8.71,4.99,,AM CF Samples Tray 1 - Nov 2022
CF11259,-18.9,37.07,10.41,6.93,5.34,,AM CF Samples Tray 1 - Nov 2022
CF11226,-20.8,46.38,9.29,7.17,6.47,,AM CF Samples Tray 1 - Nov 2022
CF11272,-19.82,44.61,11.21,10.04,4.44,,AM CF Samples Tray 1 - Nov 2022
CF11133,-20.84,43.33,8.56,8.74,4.96,,AM CF Samples Tray 1 - Nov 2022
CF11260,-20.25,46.34,10.56,9.2,5.04,,AM CF Samples Tray 1 - Nov 2022
CF11218,-19.6,40.53,10.94,6.81,5.95,,AM CF Samples Tray 1 - Nov 2022
CF11131,-19.28,38.83,10.09,9.42,4.12,,AM CF Samples Tray 1 - Nov 2022
CF11216,-20.32,26.48,10.3,4.92,5.38,,AM CF Samples Tray 1 - Nov 2022
CF11441,-19.2,42.87,11.6,10.54,4.07,,AM CF Samples Tray 1 - Nov 2022
CF11497,-18.58,31.61,12.95,7.47,4.23,,AM CF Samples Tray 1 - Nov 2022
CF11273,-19.68,43.04,11.11,8.32,5.18,,AM CF Samples Tray 1 - Nov 2022
CF11276,-19.54,42.43,10.79,9.79,4.33,,AM CF Samples Tray 1 - Nov 2022
CF11432,-22.39,32.07,8.86,5.56,5.77,,AM CF Samples Tray 1 - Nov 2022
CF11439,-18.5,36.31,11.69,7.47,4.86,,AM CF Samples Tray 1 - Nov 2022
CF11440,-18.93,44.41,11.37,10.81,4.11,,AM CF Samples Tray 1 - Nov 2022
CF11442,-21.7,50.96,10.72,7.45,6.84,,AM CF Samples Tray 1 - Nov 2022
CF11444,-21.34,35.5,9.32,6.84,5.19,,AM CF Samples Tray 1 - Nov 2022
QF5550,-26.68,12.73,9.2,1.88,6.78,,AM CF Samples Tray 1 - Nov 2022
QF5676,-15.56,40.69,11.11,10.81,3.77,,AM CF Samples Tray 1 - Nov 2022
QF5473,-19.61,50.61,12.18,11.86,4.27,,AM CF Samples Tray 1 - Nov 2022
QF3057,-19.51,36.36,8.46,7.14,5.09,,AM CF Samples Tray 1 - Nov 2022
CF11166,-22.47,44.36,9.37,7.21,6.15,,AM CF Samples Tray 1 - Nov 2022
CF11258,-18.98,40.89,13.31,8.58,4.77,,AM CF Samples Tray 1 - Nov 2022
QT119,-17.19,3.34,8.91,0.87,3.84,,AM CF Samples Tray 1 - Nov 2022
QT143,-18.2,37.83,11.69,9.22,4.1,,AM CF Samples Tray 1 - Nov 2022
QT159,-18.97,38.49,13.14,9.27,4.15,,AM CF Samples Tray 1 - Nov 2022
QT147,-19.3,38.08,10.23,9.14,4.17,,AM CF Samples Tray 1 - Nov 2022
QT120,-18.74,28.48,12.41,6.55,4.35,,AM CF Samples Tray 1 - Nov 2022
QT261,-20.31,2.01,9.48,0.5,3.99,,AM CF Samples Tray 1 - Nov 2022
QT392,-20.45,5.2,9.95,1.43,3.64,,AM CF Samples Tray 1 - Nov 2022
QT4296,-20.29,33.33,9.36,5.84,5.7,,AM CF Samples Tray 1 - Nov 2022
CF11220,-20.37,45.86,10.05,8.61,5.33,,AM CF Samples Tray 1 - Nov 2022
CF11257,-18.18,42.84,13.29,9.71,4.41,,AM CF Samples Tray 1 - Nov 2022
CF11142,-18.73,44.08,8.39,11.94,3.69,,AM CF Samples Tray 1 - Nov 2022
CF11137,-19.44,40.6,8.78,8.28,4.9,,AM CF Samples Tray 1 - Nov 2022
CF11271,-18.9,46.75,11.8,11.36,4.11,,AM CF Samples Tray 1 - Nov 2022
CF11122,-19.09,42.88,11.27,9.78,4.38,,AM CF Samples Tray 1 - Nov 2022
CF11217,-18.39,34.5,10.39,5.66,6.1,,AM CF Samples Tray 1 - Nov 2022
QT193,-20.76,38.63,12.03,8.58,4.5,,AM CF Samples Tray 1 - Nov 2022
QT171,-20.03,28.83,10.97,5.99,4.81,,AM CF Samples Tray 1 - Nov 2022
QT156,-19.23,40.28,11.06,10.45,3.85,,AM CF Samples Tray 1 - Nov 2022
QT209,-17.42,7.82,10.8,2.21,3.54,,AM CF Samples Tray 1 - Nov 2022
QT139,-20.58,9.69,10.73,2.25,4.3,,AM CF Samples Tray 1 - Nov 2022
QT140,-18.06,10.72,10.87,2.87,3.73,,AM CF Samples Tray 1 - Nov 2022
QT185,-19.46,32.54,10.81,8.18,3.98,,AM CF Samples Tray 1 - Nov 2022
QT236,-18.2,16.59,11.97,3.88,4.27,,AM CF Samples Tray 1 - Nov 2022
QT134,-17.9,11.37,11.62,2.63,4.33,,AM CF Samples Tray 1 - Nov 2022
ZFA-090 test,-19.92,40.51,11.2,7.36,5.5,,AM Zoopsprint SS Zoops Tray 3 - Dec 2022
ZFA-090 test,-19.99,42.18,10.7,7.54,5.59,,AM Zoopsprint SS Zoops Tray 3 - Dec 2022
ZFA-090 test,-20.51,39.77,11.23,7.4,5.37,,AM Zoopsprint SS Zoops Tray 3 - Dec 2022
ZFA-120A (test),-20.51,55.09,11.14,9.29,5.93,,AM Zoopsprint SS Zoops Tray 3 - Dec 2022
ZFA-120A (test),-22.27,57.38,10.92,7.15,8.03,,AM Zoopsprint SS Zoops Tray 3 - Dec 2022
ZFA-120A,-19.72,48.39,11.4,9.9,4.89,,AM Zoopsprint SS Zoops Tray 3 - Dec 2022
ZFA-120A,-21.39,41.14,11.09,10.37,3.97,,AM Zoopsprint SS Zoops Tray 3 - Dec 2022
ZFA-120A,-19.87,51.51,11.29,9.54,5.4,,AM Zoopsprint SS Zoops Tray 3 - Dec 2022
ZFA-120A,-20.5,54.77,11.38,8.58,6.38,,AM Zoopsprint SS Zoops Tray 3 - Dec 2022
ZFA-032N,-20.98,54.66,10.45,7.55,7.24,,AM Zoopsprint SS Zoops Tray 3 - Dec 2022
ZFA-032N,-20.18,50.11,10.62,8.52,5.89,,AM Zoopsprint SS Zoops Tray 3 - Dec 2022
ZFA-032N,-21.4,43.07,11.88,8.85,4.87,,AM Zoopsprint SS Zoops Tray 3 - Dec 2022
ZFA-396,-22.15,47.86,11.47,8.12,5.9,,AM Zoopsprint SS Zoops Tray 3 - Dec 2022
ZFA-396,-22.15,42.56,12.87,8.73,4.87,,AM Zoopsprint SS Zoops Tray 3 - Dec 2022
ZFA-396,-23.93,48.15,12.61,7.49,6.43,,AM Zoopsprint SS Zoops Tray 3 - Dec 2022
ZFA-300,-27.24,57.44,13.35,6.47,8.87,,AM Zoopsprint SS Zoops Tray 3 - Dec 2022
ZFA-300,-25.93,53.09,12.59,8.38,6.34,,AM Zoopsprint SS Zoops Tray 3 - Dec 2022
ZFA-300,-22.24,47.3,13.28,9.3,5.09,,AM Zoopsprint SS Zoops Tray 3 - Dec 2022
ZFA-032N,-21.77,44.76,12.39,9.2,4.86,,AM Zoopsprint SS Zoops Tray 3 - Dec 2022
ZFA-032N,-21.15,53.8,11.06,7.98,6.74,,AM Zoopsprint SS Zoops Tray 3 - Dec 2022
ZFA-032N,-22.3,52.34,12.57,7.93,6.6,,AM Zoopsprint SS Zoops Tray 3 - Dec 2022
ZFA-135N,-20.92,54.69,11.3,8.66,6.31,,AM Zoopsprint SS Zoops Tray 3 - Dec 2022
ZFA-135N,-20.23,54.55,11.95,7.71,7.08,,AM Zoopsprint SS Zoops Tray 3 - Dec 2022
ZFA-032,-18.96,46.84,10.83,8.48,5.52,,AM Zoopsprint SS Zoops Tray 3 - Dec 2022
ZFA-032,-21.45,44.3,12.13,9.39,4.72,,AM Zoopsprint SS Zoops Tray 3 - Dec 2022
ZFA-157,-20.85,50.3,11.58,8.44,5.96,,AM Zoopsprint SS Zoops Tray 3 - Dec 2022
ZFA-157,-21.08,48.9,11.48,9.53,5.13,,AM Zoopsprint SS Zoops Tray 3 - Dec 2022
ZFA-157,-20.51,46.69,11.76,9.22,5.06,,AM Zoopsprint SS Zoops Tray 3 - Dec 2022
ZFA-157,-21.95,53.34,11.23,7.43,7.18,,AM Zoopsprint SS Zoops Tray 3 - Dec 2022
ZFA-157,-22.07,55.62,10.99,7.22,7.71,,AM Zoopsprint SS Zoops Tray 3 - Dec 2022
ZFA-292.1,-25.82,51.49,12.14,8.3,6.21,,AM Zoopsprint SS Zoops Tray 3 - Dec 2022
ZFA-292.1,-25.27,52.75,12.63,8.41,6.27,,AM Zoopsprint SS Zoops Tray 3 - Dec 2022
ZFA-292.1,-25.9,54.55,12.57,7.94,6.87,,AM Zoopsprint SS Zoops Tray 3 - Dec 2022
ZFA-292.1,-25.89,56.53,12.53,8.12,6.97,,AM Zoopsprint SS Zoops Tray 3 - Dec 2022
ZFA-292.1,-24.32,49.24,12.78,9.01,5.46,,AM Zoopsprint SS Zoops Tray 3 - Dec 2022
ZFA-396,-23.02,46.08,12.79,7.89,5.84,,AM Zoopsprint SS Zoops Tray 3 - Dec 2022
ZFA-396,-22.85,50.79,12.03,7.01,7.24,,AM Zoopsprint SS Zoops Tray 3 - Dec 2022
ZFA-396,-22.43,51.39,10.92,7.36,6.98,,AM Zoopsprint SS Zoops Tray 3 - Dec 2022
ZFA-396,-21.65,44.43,11.61,8.87,5.01,,AM Zoopsprint SS Zoops Tray 3 - Dec 2022
ZFA-368,-20.64,32.65,9.2,7.25,4.5,,AM Zoopsprint SS Zoops Tray 3 - Dec 2022
ZFA-368,-20.71,30.97,9.93,6.51,4.76,,AM Zoopsprint SS Zoops Tray 3 - Dec 2022
ZFA-368,-21.06,29.51,9.13,5.66,5.21,,AM Zoopsprint SS Zoops Tray 3 - Dec 2022
ZFA-368,-20.85,28.27,9.02,5.61,5.04,,AM Zoopsprint SS Zoops Tray 3 - Dec 2022
ZFA-368,-19.97,31.78,9.38,6.91,4.6,,AM Zoopsprint SS Zoops Tray 3 - Dec 2022
ZFA-135N,-19.99,51.16,12.05,8.58,5.96,,AM Zoopsprint SS Zoops Tray 3 - Dec 2022
ZFA-135N,-22.62,56.87,10.94,7.21,7.89,,AM Zoopsprint SS Zoops Tray 3 - Dec 2022
ZFA-135N,-18.99,45.94,12.12,10.65,4.31,,AM Zoopsprint SS Zoops Tray 3 - Dec 2022
ZFA-090,-19.3,33.93,11.24,8.01,4.23,,AM Zoopsprint SS Zoops Tray 3 - Dec 2022
ZFA-090,-20.71,46.22,10.27,6.34,7.3,,AM Zoopsprint SS Zoops Tray 3 - Dec 2022
ZFA-090,-20.13,28.94,11.71,5.96,4.86,,AM Zoopsprint SS Zoops Tray 3 - Dec 2022
ZFA-096N,-20.03,46.45,8.11,7.24,6.41,,AM Zoopsprint SS Zoops Tray 3 - Dec 2022
ZFA-096N,-20.17,54.79,8.68,7.76,7.06,,AM Zoopsprint SS Zoops Tray 3 - Dec 2022
ZFA-096N,-19.85,27.16,10.36,7.15,3.8,,AM Zoopsprint SS Zoops Tray 3 - Dec 2022
ZFA-368N,-19.31,26.21,9.64,6.53,4.01,,AM Zoopsprint SS Zoops Tray 3 - Dec 2022
ZFA-368N,-19.87,49.59,8.19,12.4,4,,AM Zoopsprint SS Zoops Tray 3 - Dec 2022
ZFA-156.5A,-19.16,12.56,7.32,3.25,3.87,,AM Zoopsprint SS Zoops Tray 3 - Dec 2022
ZFA-156.6A,-20.42,17.13,6.46,4.22,4.06,,AM Zoopsprint SS Zoops Tray 3 - Dec 2022
ZFA-156.7A,-19.95,20.54,7.09,4.98,4.13,,AM Zoopsprint SS Zoops Tray 3 - Dec 2022
ZFA-156.8A,-19.23,23.36,6.54,5.9,3.96,,AM Zoopsprint SS Zoops Tray 3 - Dec 2022
ZFA-156.4A,-20.06,28.77,8.88,3.52,8.17,,AM Zoopsprint SS Zoops Tray 3 - Dec 2022
ZFA-156.1A,-19.66,19.98,7.14,4.76,4.2,,AM Zoopsprint SS Zoops Tray 3 - Dec 2022
ZFA-156.2A,-18.99,18.1,6.71,4.45,4.06,,AM Zoopsprint SS Zoops Tray 3 - Dec 2022
ZFA-156.3A,-20.25,18.11,7.1,4.55,3.98,,AM Zoopsprint SS Zoops Tray 3 - Dec 2022
ZFA-267.1,-24.02,20.52,10.97,3.89,5.28,,AM Zoopsprint SS Zoops Tray 3 - Dec 2022
ZFA-267.2,-24.3,21.92,10.57,3.67,5.97,,AM Zoopsprint SS Zoops Tray 3 - Dec 2022
ZFA-090.2,-20.16,33.38,10.66,6.59,5.07,,AM Zoopsprint SS Zoops Tray 3 - Dec 2022
ZFA-090.3,-18.87,27.16,12.39,6.83,3.98,,AM Zoopsprint SS Zoops Tray 3 - Dec 2022
ZFA-247.2,-23.4,28.11,11.37,5.84,4.81,,AM Zoopsprint SS Zoops Tray 3 - Dec 2022
QF8702,-25.21,9.96,5.29,1.41,7.08,,Zoopsprint POM Tray 2 - Feb 2023
QF8547,-21.92,3.39,7.21,0.27,12.54,,Zoopsprint POM Tray 2 - Feb 2023
QF8706,-26.98,7.81,7.03,0.62,12.58,,Zoopsprint POM Tray 2 - Feb 2023
QF9700,-26.73,13.18,5.41,1.4,9.43,,Zoopsprint POM Tray 2 - Feb 2023
QF8734,-28.32,1.28,3.57,0.12,10.7,,Zoopsprint POM Tray 2 - Feb 2023
QF7281,-24.87,12.53,5.92,1.31,9.56,,Zoopsprint POM Tray 2 - Feb 2023
QF8522,-23.53,4.46,7.79,0.53,8.43,,Zoopsprint POM Tray 2 - Feb 2023
QF7282,-20.87,15.77,6.17,2.38,6.64,,Zoopsprint POM Tray 2 - Feb 2023
QF8511,-27.83,1.25,2.59,0.1,12.16,,Zoopsprint POM Tray 2 - Feb 2023
QF6273,-25.99,6.65,5.13,0.83,7.97,,Zoopsprint POM Tray 2 - Feb 2023
QF8546,-20.4,13.47,7.88,1.78,7.59,,Zoopsprint POM Tray 2 - Feb 2023
QF8720,-23.23,6.08,6.04,0.74,8.23,,Zoopsprint POM Tray 2 - Feb 2023
QF8510,-23.22,4.48,7.95,0.51,8.85,,Zoopsprint POM Tray 2 - Feb 2023
QF8570,-26.2,2.7,7.65,0.33,8.25,,Zoopsprint POM Tray 2 - Feb 2023
QF7294,-25.52,7.13,6.52,0.72,9.95,,Zoopsprint POM Tray 2 - Feb 2023
QF8588,-26.25,4.11,7.52,0.53,7.76,,Zoopsprint POM Tray 2 - Feb 2023
QF8568,-26.2,2.29,5.89,0.17,13.5,,Zoopsprint POM Tray 2 - Feb 2023
QF8571,-29.19,7.37,6.82,0.52,14.15,,Zoopsprint POM Tray 2 - Feb 2023
QF8589,-27.29,3.1,5.18,0.32,9.63,,Zoopsprint POM Tray 2 - Feb 2023
QF8569,-26.53,3.17,6.79,0.26,12.11,,Zoopsprint POM Tray 2 - Feb 2023
QF7293,-20.63,17.22,6.32,2.98,5.78,,Zoopsprint POM Tray 2 - Feb 2023
QF6281,-27.12,8.89,4.02,1.47,6.04,,Zoopsprint POM Tray 2 - Feb 2023
QF8724,-31.08,4.97,6.45,0.57,8.75,,Zoopsprint POM Tray 2 - Feb 2023
QF8738,-30.57,1.22,6.64,0.12,10.22,,Zoopsprint POM Tray 2 - Feb 2023
QF8600,-26.24,2.24,8.68,0.31,7.33,,Zoopsprint POM Tray 2 - Feb 2023
QF8572,-24.89,2.65,8.38,0.38,6.97,,Zoopsprint POM Tray 2 - Feb 2023
QF8584,-25.9,3.57,7.85,0.48,7.37,,Zoopsprint POM Tray 2 - Feb 2023
QF8801,-28.89,0.63,6.36,0.1,6.14,,Zoopsprint POM Tray 2 - Feb 2023
QF7802,-26.14,10.22,4.11,1.81,5.64,,Zoopsprint POM Tray 2 - Feb 2023
QF8601,-27.67,7.03,6.41,0.78,9.07,,Zoopsprint POM Tray 2 - Feb 2023
QF8585,-30.43,6.24,5.7,0.37,16.81,,Zoopsprint POM Tray 2 - Feb 2023
QF8742,-29.34,1.07,5.36,0.18,6.03,,Zoopsprint POM Tray 2 - Feb 2023
QF7801,-24.54,5.94,6.74,1.02,5.83,,Zoopsprint POM Tray 2 - Feb 2023
QF8805,-25.64,2.8,-0.69,0.46,6.08,,Zoopsprint POM Tray 2 - Feb 2023
QF8608,-24.17,1.75,5.85,0.28,6.16,,Zoopsprint POM Tray 2 - Feb 2023
QF8609,-27,3.11,0.25,0.43,7.29,,Zoopsprint POM Tray 2 - Feb 2023
QF8534-A,-23.07,8.16,3.68,1.66,4.93,,Zoopsprint POM Tray 1 Part 1 - Feb 2023
QF8702-A,-24.74,5.75,4.33,1.14,5.05,,Zoopsprint POM Tray 1 Part 1 - Feb 2023
QF8704-A,-24.75,76.41,4.94,15.43,4.95,,Zoopsprint POM Tray 1 Part 1 - Feb 2023
QF8738-A,-30.04,1.65,-0.3,0.24,6.94,,Zoopsprint POM Tray 1 Part 1 - Feb 2023
QF8535-A,-24.99,5.61,2.67,1.03,5.45,,Zoopsprint POM Tray 1 Part 1 - Feb 2023
QF8573-A,-27.79,2.84,1.22,0.43,6.58,,Zoopsprint POM Tray 1 Part 1 - Feb 2023
QF8511-A,-29.13,1.88,-4.08,0.21,9.02,,Zoopsprint POM Tray 1 Part 1 - Feb 2023
QF8728-A,-29.65,3.15,2.76,0.56,5.59,,Zoopsprint POM Tray 1 Part 1 - Feb 2023
QF8559-A,-25.15,1.5,-3.41,0.24,6.33,,Zoopsprint POM Tray 1 Part 1 - Feb 2023
QF8510-A,-23.87,4.68,3.38,0.76,6.17,,Zoopsprint POM Tray 1 Part 1 - Feb 2023
QF8700-A,-28.32,9.77,4.39,1.03,9.51,,Zoopsprint POM Tray 1 Part 1 - Feb 2023
QF8522-A,-24.9,1.91,4.71,0.31,6.2,,Zoopsprint POM Tray 1 Part 1 - Feb 2023
QF8546-A,-20.54,14.63,7.29,2.69,5.44,,Zoopsprint POM Tray 1 Part 1 - Feb 2023
QF8546-A,-25.46,1.85,-0.52,0.25,7.42,,Zoopsprint POM Tray 1 Part 1 - Feb 2023
QF8558-A,-20.01,12.84,6.83,2.86,4.49,,Zoopsprint POM Tray 1 Part 1 - Feb 2023
QF8706-A,-26.93,6.12,5.72,0.67,9.09,,Zoopsprint POM Tray 1 Part 1 - Feb 2023
QF8720-A,-24.07,3.66,4.38,0.59,6.16,,Zoopsprint POM Tray 1 Part 1 - Feb 2023
QF8569-A,-27.39,2.76,-6.41,0.38,7.26,,Zoopsprint POM Tray 1 Part 1 - Feb 2023
QF8805-A,-27.04,0.91,-3.89,0.19,4.79,,Zoopsprint POM Tray 1 Part 1 - Feb 2023
QF8523-A,-26.4,3.06,1.19,0.5,6.07,,Zoopsprint POM Tray 1 Part 1 - Feb 2023
QF8601-A,-27.77,2.54,5.56,0.35,7.25,,Zoopsprint POM Tray 1 Part 1 - Feb 2023
QF8742-A,-29.85,0.79,3.45,0.15,5.27,,Zoopsprint POM Tray 1 Part 1 - Feb 2023
QF8589-A,-27.96,1.88,1.43,0.27,7.03,,Zoopsprint POM Tray 1 Part 1 - Feb 2023
QF8568-A,-28.39,1.55,-9.61,0.22,6.92,,Zoopsprint POM Tray 1 Part 1 - Feb 2023
QF7281-A,-24.83,9.28,4.94,1.34,6.91,,Zoopsprint POM Tray 1 Part 1 - Feb 2023
QF7293-A,-24.04,3.65,4.79,0.67,5.42,,GLTED Seston Reweighs + Zoopsprint POM P3&4 - March 2023
QF7801-A,-25.79,22.5,3.69,3.55,6.35,,GLTED Seston Reweighs + Zoopsprint POM P3&4 - March 2023
QF6277-A,-24.85,1.84,4.94,0.24,7.64,,GLTED Seston Reweighs + Zoopsprint POM P3&4 - March 2023
QF7294-A,-26.68,14.76,1.49,2.84,5.2,,GLTED Seston Reweighs + Zoopsprint POM P3&4 - March 2023
QF8603-A,-26.01,2.43,-0.4,0.33,7.41,,GLTED Seston Reweighs + Zoopsprint POM P3&4 - March 2023
QF8605-A,-26.23,1.9,-0.41,0.26,7.28,,GLTED Seston Reweighs + Zoopsprint POM P3&4 - March 2023
QF8607-A,-26.75,3.07,-0.92,0.33,9.17,,GLTED Seston Reweighs + Zoopsprint POM P3&4 - March 2023
QF6281-A,-25.48,4.37,3.28,0.73,6.01,,GLTED Seston Reweighs + Zoopsprint POM P3&4 - March 2023
QF6273-A,-27.2,0.6,-5.08,0.08,7.95,,GLTED Seston Reweighs + Zoopsprint POM P3&4 - March 2023
QF8609-A,-29.16,3.27,1.55,0.61,5.37,,GLTED Seston Reweighs + Zoopsprint POM P3&4 - March 2023
QF8600-A,-26.97,3.48,1.72,0.48,7.19,,GLTED Seston Reweighs + Zoopsprint POM P3&4 - March 2023
QF8571-A,-28.65,3.37,3.31,0.33,10.33,,GLTED Seston Reweighs + Zoopsprint POM P3&4 - March 2023
QF8572-A,-25.8,2.2,3.87,0.32,6.95,,GLTED Seston Reweighs + Zoopsprint POM P3&4 - March 2023
QF8734-A,-29.27,1.56,2.59,0.22,7.11,,GLTED Seston Reweighs + Zoopsprint POM P3&4 - March 2023
QF7802-A,-26.05,11.79,3.31,2.36,4.99,,GLTED Seston Reweighs + Zoopsprint POM P3&4 - March 2023
QF8584-A,-26.99,1.82,2.39,0.24,7.68,,GLTED Seston Reweighs + Zoopsprint POM P3&4 - March 2023
QF6277,-25.43,4.93,5.07,0.81,6.12,,GLTED Seston Reweighs + Zoopsprint POM P3&4 - March 2023
QF8608-A,-24.37,1.72,2.89,0.34,5.1,,GLTED Seston Reweighs + Zoopsprint POM P3&4 - March 2023
QF8724-A,-29.9,1.83,4.59,0.25,7.22,,GLTED Seston Reweighs + Zoopsprint POM P3&4 - March 2023
QF8570-A,-26.97,2.2,4.64,0.4,5.56,,GLTED Seston Reweighs + Zoopsprint POM P3&4 - March 2023
QF8602,-26.55,4.65,1.63,0.42,11.18,,GLTED Seston Reweighs + Zoopsprint POM P3&4 - March 2023
QF8604,-26.57,2.99,1.9,0.3,9.95,,GLTED Seston Reweighs + Zoopsprint POM P3&4 - March 2023
QF8704,-24.59,6.28,4.8,1.19,5.29,,GLTED Seston Reweighs + Zoopsprint POM P3&4 - March 2023
QF8535,-24.93,5.78,7.08,0.95,6.09,,GLTED Seston Reweighs + Zoopsprint POM P3&4 - March 2023
QF8534,-23.49,3.5,7.19,0.6,5.82,,GLTED Seston Reweighs + Zoopsprint POM P3&4 - March 2023
QF8606,-25.81,2.35,3.2,0.36,6.56,,GLTED Seston Reweighs + Zoopsprint POM P3&4 - March 2023
QF8558,-19.57,9.7,7.93,1.89,5.12,,GLTED Seston Reweighs + Zoopsprint POM P3&4 - March 2023
QF8559,-23.62,4.95,11.49,0.58,8.61,,GLTED Seston Reweighs + Zoopsprint POM P3&4 - March 2023
QF8573,-27.13,4.76,5.67,0.64,7.47,,GLTED Seston Reweighs + Zoopsprint POM P3&4 - March 2023
QF8523,-26.71,4.92,7.96,0.58,8.42,,GLTED Seston Reweighs + Zoopsprint POM P3&4 - March 2023
QF8728,-29.53,2.21,5.33,0.33,6.77,,GLTED Seston Reweighs + Zoopsprint POM P3&4 - March 2023